company_name,url,ideal_talent_profile,core_values,detailed_description
삼성디스플레이,https://www.samsungdisplay.com/kor/career-info/talented-person.jsp,"창의적이고, 도전적이며, 글로벌 역량을 보유한 전문인재","창의성, 도전, 소통, 글로벌","1. 창의적 인재
기존의 형식에서 벗어나 새로운 생각을 가지고 발상과 인식의 전환을 이끌어 낼 수 있는 창의적인인재, 목표의식과 위기의식을 갖고 끊임없는 창의적인 개선을 통해 위기를 극복해 나갈 수 있는 인재. 바로 삼성디스플레이가 바라는 인재입니다.
2. 글로벌 인재
한국을 넘어 세계로, 글로벌 초일류 기업을 향하여 나가는 삼성디스플레이와 함께할 인재, 뛰어난 외국어 실력과 다양한 문화에 쉽게 적응할 수 있는 인재. 바로 삼성디스플레이가 꿈꾸는 인재입니다.
3. 도전적 인재
어렵고 남들이 기피하는 분야에도 도전하는 개척정신과 변화의 개혁을 선도하려는 강한 모험정신을 가진 인재, 실패를 두려워 하지않는 인재. 바로 삼성디스플레이가 원하는 인재입니다.
4. 전문 인재
한 분야의 전문 지식을 기반으로 다양한 분야의 지식을 창출할 수 있는 인재, 이러한 전문성을 통하여 고객의 Needs를 파악해 끊임없이 기술과 시장의 영역을 넓혀가는 인재. 바로 삼성디스플레이가 꿈꾸는 인재입니다."
삼성전자,https://www.samsungsvc.co.kr/intro/recruitment,도덕적이고 책임감과 도전의식을 갖춘 창조적 인재,"도덕성, 고객지향, 책임감, 진취적 사고","1. 도덕성
정직과 신뢰를 바탕으로 비뚤어진 것은 바로 고치도록 당당히 말하는 용기 있는 사람, 더불어 사는 삶을 실천할 수 있는 따뜻한 사람, 집단과 개인 이기주의를 버리고 서로를 격려하며 이끌어 주는 진정한 동료애를 발휘할 줄 아는 사람을 말합니다.
2. 고객지향
고객 지향적인 사람은 타인을 배려하고 상대방의 입장에서 생각하고 행동하며 조직사회에 대한 봉사정신을 갖고 이를 실천하는 사람, 상대방을 존중하며 스스로를 낮추는 사람, 조직사회의 일원으로 자신의 이익에 앞서 전체를 생각하며 행동하는 사람입니다. 이는 고객과 동료, 사회를 위해 활짝 열린 마음을 갖고 있는 사람입니다.
3. 책임감
책임감을 갖춘 사람은 아무리 어려운 일이라도 신념을 갖고 추진해 나가며, 하는 일에 열정을 다하여 최고의 전문가가 되기 위해 최선을 다하는 사람, 주어진 일은 사명감을 갖고 완벽하게 처리하며, 자신의 능력을 자랑하기 보다는 자발적인 행동으로 실천하는 사람입니다. 이는 현실에 충실하되 안주하지 않고, 자신에 충실하면서 주위와 조화를 이루는 열린 사고를 갖고 있는 사람입니다.
4. 진취적 사고
자기주도적으로 사고하고 창의적 감성과 상상력을 발휘하여 변화를 선도하는 인재를 말합니다. 폭넓은 경험과 학습을 통해 전문성을 키우고, 다양하고 독창적인 발상, 영감, 상상력을 발휘하여 더 나은 세상을 선도하는 사람입니다."
삼성SDS,https://www.samsungcareers.com/subsid/detail/C60,"끊임없는 열정으로 미래에 도전하고, 창의와 혁신으로 세상을 변화시키며, 정직과 바른 행동으로 역할과 책임을 다하는 인재","열정, 창의성, 정직","끊임없는 열정으로 미래에 도전하고, 창의와 혁신으로 세상을 변화시키며, 정직과 바른 행동으로 역할과 책임을 다하는 인재"
삼성SDI,https://www.samsungsdi.co.kr/career/index.html,"끊임없는 열정으로 미래에 도전하고, 창의와 혁신으로 세상을 변화시키며, 정직과 바른 행동으로 역할과 책임을 다하는 인재","열정과 도전, 창의와 혁신, 인간미와 도덕성","끊임없는 열정으로 미래에 도전하고, 창의와 혁신으로 세상을 변화시키며, 정직과 바른 행동으로 역할과 책임을 다하는 인재"
삼성전기,https://www.samsungsem.com/kr/about-us/company/mission-vision.do,창의와 열정으로 미래를 이끌어가는 글로벌 인재,"창의성, 열정, 글로벌, 도전","1. 창의적 사고와 열정을 바탕으로 미래를 개척해 나가는 인재
2. 급변하는 환경 속에서도 도전을 멈추지 않는 인재
3. 끊임없는 혁신과 성장을 통해 새로운 가치를 창출하는 인재
4. 세계 각국의 다양한 문화와 시장에 빠르게 적응하는 인재
5. 글로벌 리더십을 발휘할 수 있는 인재"
삼성물산,https://rnc.samsungcnt.com/careers/personnel/index.html,"‘Open-minded, Creative, Expert, Challenging’정신을 갖춘 인재","Open-minded, Creative, Expert, Challenging","1. 적극적인 자세와 열린 마음을 갖춘 유연한 인재
2. 상상을 현실로 만들어내는 창의적 인재
3. 끊임없이 연구하며 최고를 지향하는 인재
4. 새로운 시도와 경쟁을 즐기는 도전적 인재
"
삼성화재,https://www.samsungfire.co.kr/v2/html/company/08/M_080_020_004.html,"열정적으로 글로벌 시장과 디지털에 도전하며, 규정과 원칙을 준수해 정직하게 행동하고, 팀과 개인의 성장을 위해 자신의 역할과 책임에 최선을 다하는 인재","도전, 정직, 협력","1. 열정적으로 글로벌시장과 디지털에 도전하는 인재
We go global and digital with passion.
2. 규정과 원칙을 준수하며 정직하게 행동하는 인재
We honor rules and act with honesty.
3.팀과 개인의 성장을 위해 자신의 역할과 책임에 최선을 다하는 인재
We do our best in our roles for both teams and individuals."
삼성생명,https://www.samsunglife.com/individual/display/employ/PDK-HRCAI016100M,전문성과 창의성을 바탕으로 미래를 창조하는 글로벌 금융인,"인간미, 도덕성, 고객 섬김, 사회적 책임, 지속적 학습, 전문성, 열정, 변화 대응, 유연한 사고, 글로벌 역량, 다양성 존중, 국제적 소양, 창의적 사고, 도전정신, 자신감, 기업가치 창출, 고객가치 창출","1. 인간미와 도덕성을 바탕으로 고객 섬김을 실천하는 인재
금융인으로서 인간미와 도덕성을 갖추고 타인과 협조할 줄 알며, 신뢰받는 삶의 동반자로서 고객 섬김과 사회적 책임을 다하는 사람
2. 지속적인 학습을 통하여 자기분야 최고의 전문능력을 갖춘 인재
자기분야에서 최고가 되겠다는 확고한 꿈과 열정을 바탕으로 끊임없는 학습과 변화를 추구하여 환경 변화에 대응할 수 있는 전문능력을 갖춘 사람
3. 유연한 사고와 글로벌 역량을 갖춘 인재
유연한 사고와 국제적 소양을 바탕으로 다양성을 존중하며, 직무에 대해 글로벌 역량을 갖추고 세계시장을 무대로 활동하는 사람
4. 창의적 사고와 도전정신으로 미래를 창조해 나가는 인재
21C 변화를 주도하는 자신감과 창의적 사고, 도전정신으로 창조사회의 새로운 기업가치와 고객가치를 창출해 나가는 사람"
삼성증권,https://www.samsungsecurities.co.kr/kor/recruit/rigth_people.do,"성장하는 회사, 행복한 일터를 함께 만들어 갈 인재","내용 중심, 변화 시도, 자기 질문, 완벽함 추구, 배려 소통, 방법 중심, 책임감","성장하는 회사와 행복한 일터를 함께 만들어 가는 인재
형식보다 내용을 더 중요하게 생각하는 인재
작은 것부터 변화를 시도하는 인재
스스로 질문하며 더 나음을 고민하는 인재
무엇이든 제대로 하려 노력하는 인재
권위 없이 소통하며 서로를 배려하는 인재
안 되는 이유 대신 되는 방법을 함께 찾는 인재
가족에게 부끄러운 일은 하지 않는 인재"
삼성바이오로직스,https://samsungbiologics.com/kr/careers/value,사명감을 통해 일의 품격을 높이고 생명의 가치를 실현할 수 있는 글로벌 인재,"사명감, 존중, 소통, 변화, 글로벌","사명감: 일의 품격을 높이며, 생명의 소중함을 깊이 이해하고 실천하는 인재
존중: 고객과 구성원을 존중하고 존엄을 인정하는 인재
소통: 부서 간 원활히 소통하고 협력할 수 있는 인재
변화: 업무 효율을 높이고 자주적이며 능동적으로 행동하는 인재
글로벌: 글로벌 경쟁력을 갖추고 변화에 맞춰 사고할 수 있는 인재"
삼성E&A,https://www.samsungena.com/kr/about-us/company/vision,앞선 기술로 더 나은 미래를 구현하는 엔지니어링 역량을 갖춘 인재,"창의성, 협업, 책임","Creativity
“새로운 가치를 창출하는 인재. 기존과 다른 관점에서 고민하고 혁신한다. 끊임없이 배우고 경험을 쌓아 실력을 키우며, 실패를 두려워하지 않고 도전한다.”
Collaboration
“개방적으로 협력하는 인재. 상대방을 존중·배려하며 성과를 함께 만들고, 솔직하게 토론하며 이해관계자와 협력해 성장한다.”
Commitment
“책임을 다하고 신뢰를 주는 인재. 안전을 경영의 제1원칙으로 준수하고, 품질을 나와 회사의 자존심으로 완벽하게 지키며, 주인의식을 가지고 역할을 충실히 수행한다.”"
삼성중공업,https://www.samsungcareers.com/subsid/detail/D60,"글로벌 감각 및 능력과 함께 인간미를 갖추었으며, 창의와 협력을 바탕으로 미래를 개척해나갈 수 있는 인재","Open mind, talent, heart","글로벌 감각 및 능력과 함께 인간미를 갖추었으며, 창의와 협력을 바탕으로 미래를 개척해나갈 수 있는 인재"
LG전자,https://www.lge.co.kr/company/recruit/talent,LG WAY에 대한 신념과 실행력을 겸비한 사람,"도전정신, 고객중심, 창의·자율, 실력-정직 경쟁","꿈과 열정을 가지고 세계 최고에 도전하는 사람
고객을 최우선으로 생각하고 끊임없이 혁신하는 사람
팀워크를 이루며 자율적이고 창의적으로 일하는 사람
꾸준히 실력을 배양하여 정정당당하게 경쟁하는 사람"
LG생활건강,https://www.lghnh.com/m/recruit/right.jsp,실행력 강하고 안목 있으며 도덕성과 글로벌 역량을 겸비한 인재,"실행력, 안목, 도덕성, Global Competency","뛰어난 장사꾼 (실행력 강한 인재)
남다른 안목을 가진 인재
확고한 도덕성과 명예를 존중하는 인재
글로벌 역량(Global Competency)을 갖춘 인재"
LG에너지솔루션,https://www.lgensol.com/kr/career-talent,"성장, 도전, 실행, 협업의 능력을 갖춘 성취지향적인 인재
LG WAY에 대한 신념과 실행력을 겸비한 사람","성장, 도전, 실행, 협업","기술로 세상의 잠재된 힘을 깨우기 위해 성장 기회를 적극 탐색하고, 새로운 방식으로 도전하며, 빠르게 실행하고 끝까지 완성하여, 다양한 배경의 동료들과 협력할 수 있는 성취지향적인 인재"
LGCNS,https://www.lgcns.com/kr/careers/who-we-are,"문제를 통찰력과 기술로 해결하고 혁신하며, 자율과 책임으로 성장·협업·존중을 실천하는 인재","전문성, 혁신, 자율•책임, 성장, 협업, 존중","Insightful Expert (전문성): 보이지 않는 문제를 통찰력과 뛰어난 기술력으로 해결하는 전문가
Game Changer (혁신): 틀을 바꾸는 몰입과 기술로 혁신을 주도하는 사람
Empowered Achiever (자율과 책임): 스스로의 원칙 아래 책임 있게 가치를 창출하는 실행자
Self-Motivated Learner (성장): 자발적 학습과 변화로 세상의 변화를 이끄는 성장형 인재
Synergy Builder (협업): 각자의 역량을 모아 함께 더 큰 성장을 이루는 협업가
Open-Minded Listener (존중): 상대의 다름과 용기를 존중하고 포용하는 수용형 리스너"
LG디스플레이,https://www.lgdisplay.com/kor/company/employ/office-life,"고객 기대를 뛰어넘는 가치 구현과 직무 전문성, 자율 몰입, 삶을 중시하는 균형, 참여 문화를 함께 만들어가는 인재","고객가치 최우선, 통찰력, 민첩성, 철저함, 열린 협업","고객의 기대를 뛰어넘는 새로운 가치를 구현하는 인재
직무 전문가로 끊임없이 성장하는 인재
자율적으로 업무에 몰입할 수 있는 환경 속에서 일하는 인재
개인과 가족의 삶을 적극 지원받으며 일하는 인재
직급 구분 없이 자유롭게 의견을 제안하는 참여 문화를 함께 만드는 인재"
LG이노텍,https://www.lginnotek.com/recruit/talent.lgit,LG Way 신념과 실행력을 갖추고 긍정·협력으로 조직과 고객 중심의 가치를 창출할 인재,"신념과 실행력, 긍정적 마인드, 협력, 도전, 자율·창의, 고객중심, 혁신, 전문성, 공정경쟁","LG Way에 대한 신념과 실행력을 겸비한 사람
긍정적인 마인드와 협력하는 자세로 조직의 화합과 고객 만족을 위해 꾸준히 노력하는 인재
꿈과 열정을 가지고 세계 최고에 도전하는 사람
팀워크를 이루며 자율적이고 창의적으로 일하는 사람
고객을 최우선으로 생각하고 끊임없이 혁신하는 사람
꾸준히 실력을 배양하며 정정당당하게 경쟁하는 사람"
LG유플러스,https://www.lguplus.com/about/ko/career/human-resources,"꿈과 열정을 기반으로 도전하며, 고객 중심 혁신과 자율적 창의, 공정 경쟁을 실천하는 인재","열정(Passion), 혁신(Innovation), 자율·창의(Originality), 공정 경쟁(Competition)","PASSION: 꿈과 열정을 가지고 세계 최고에 도전하는 사람
INNOVATION: 고객을 최우선으로 생각하고 끊임없이 혁신하는 사람
ORIGINALITY: 팀워크를 이루며 자율적이고 창의적인 사람
COMPETITION: 꾸준히 실력을 배양하여 정정당당하게 경쟁하는 사람"
LS,https://www.lsholdings.com/ko/careers/model,"밝고 긍정적인 마음으로 협업하며, 창의와 혁신을 통해 글로벌 성장을 이끌고 전문성과 열정을 갖춘 인재","긍정, 창의, 전문성","Positive: 밝은 에너지와 긍정적인 마인드를 갖추고 윤리적 절차를 준수하며 함께 일하는 사람들과 상생하는 인재
Creative: 창의력을 바탕으로 변화와 혁신을 주도하며 글로벌 성장을 이끄는 인재
Professional: 자신의 분야에서 최고가 되기 위해 노력하고, 글로벌 감각과 열정을 갖춘 전문 인재"
LS전기,https://www.ls-electric.com/ko/recruit/intro,"밝고 윤리적이며 창의적 혁신을 이끌고, 분야별 전문성과 글로벌 감각을 갖춘 인재","긍정적 마인드, 창의·혁신, 전문성","Positive: 밝은 기운과 긍정적인 마인드를 바탕으로 윤리적 절차를 지키며 함께 일하는 인재
Creative: 창의력으로 변화와 혁신을 추구하며, 가치를 창출하고 글로벌 성장을 이끄는 인재
Professional: 자신의 분야에서 최고가 되기 위해 노력하며, 글로벌 감각과 열정을 갖춘 전문 인재"
LSMnM,https://www.lsmnm.com/about/vision,"정성을 다하고 존중과 협력을 실천하며, 학습과 통찰을 통해 탁월함을 추구하는 인재","Integrity(정성·주인의식·치밀성·실행력), Respect(오픈·연결·협업·융합), Excellence(학습·지식습득·통찰력·예측력)","LS MnM은 기본가치로 정성과 주인의식, 치밀성과 실행력을 갖춘 Integrity 있는 인재, 관계가치로 오픈과 연결을 바탕으로 협업과 융합을 실천하는 Respectful한 인재, 사업가치로 학습과 지식 습득을 통해 통찰력과 예측력을 발휘하며 Excellence를 추구하는 인재상을 지향합니다"
LS이모빌리티솔루션,https://www.lsems.com/ko/talent/type,밝고 창의적이며 전문성을 갖추어 함께 미래를 만들어가는 인재,"Positive, Creative, Professional",밝고 (Positive) 창의적이며 (Creative) 최고의 전문성을 가진 (Professional) 인재
LX인터네셔널,https://www.lxinternational.com/kr/recruit,차별화된 ‘사업가’로 성장할 창의적이고 도전적인 인재,"추진력, 미래지향성, 협업 마인드, 전문성, 학습 성장","LX인터내셔널은 창의적이고 도전적으로 행동하며, 고객 가치를 바탕으로 차별화된 사업가로 성장하는 인재를 추구합니다. 치열하고 집요한 추진력, 미래를 예측하는 행동 양식, 긍정적인 협업 자세, 맡은 분야에 대한 실력과 전문성, 그리고 끊임없는 학습과 성장 욕구를 갖춘 인재가 바로 우리가 찾는 인재상입니다."
LX세미콘,https://www.lxsemicon.com/kr/company/recruitment-information/ideal-talent,"신념과 실행력을 바탕으로 열정과 경쟁력, 협업과 창의, 혁신을 실천하는 인재","Passion, Competitiveness, Teamwork, Innovation","LX세미콘은 꿈과 열정을 가지고 세계 최고에 도전하며, 꾸준히 실력을 키워 정정당당하게 경쟁하고, 팀워크 속에서 자율적이고 창의적으로 협업하는 인재, 또한 고객 중심으로 끊임없이 혁신하는 인재를 지향합니다."
LXMMA,https://www.lxmma.com/mobile/about/recruit/talent.do,"신념과 실행력을 기반으로 혁신과 도전, 경쟁 및 창의 협업까지 실천하는 인재","Innovation, Passion, Competition, Originality","기업 경쟁력의 원천은 사람'이라는 철학 아래, 고객 최우선으로 끊임없이 혁신하며(Passion), 세계 최고를 꿈꾸는 열정으로 도전하고(Innovation/Passion), 실력을 꾸준히 성장시켜 정정당당하게 경쟁하며(Competition), 팀워크 속에서 자율적이고 창의적으로 일하는(Originality) 인재를 지향합니다."
LX판토스,https://www.lxpantos.com/kr/company/recruitment/ideal-talent.do,"신념과 실행력, 창의력과 혁신, 도전 정신, 그리고 공정 경쟁을 실천하는 인재","신념·실행력, 창의, 혁신, 도전, 공정경쟁","LX판토스는 신념과 실행력을 겸비한 인재, 팀워크 속에서도 자율적이고 창의적으로 일하는 인재, 고객을 최우선으로 여기며 혁신을 이어가는 인재, 꿈과 열정으로 세계 최고에 도전하는 인재, 꾸준한 노력으로 정정당당하게 경쟁하는 인재를 추구합니다"
현대,https://careers.hyundaigroup.com/rightperson,"도전, 소통, 창의로 미래를 개척하는 인재","도전, 소통, 창의","도전(Challenge): 꿈을 향해 도전하는 현대인
소통(Communication): 소통하고 협업하는 현대인
창의(Creativity): 창조하고 실행하는 현대인"
현대자동차,https://talent.hyundai.com/culture/way.hc,"안전·품질 준수, 끝까지 집요하게 도전하고 민첩하게 실행하며, 협업·다양성·전문성·윤리·데이터 기반 사고를 실천하는 인재","Safety & Quality, Tenacity, Progress, Agility, Collaboration, Resilience, Diversity & Inclusion, Expertise, Integrity, Data-Driven Thinking","현대자동차는 안전과 품질을 최우선으로 여기며, 끝까지 문제의 본질을 파고드는 집요함과 꾸준한 시도 및 발전, 불확실한 상황에서도 민첩하게 실행하는 인재를 지향합니다. 더불어 협업과 회복탄력성을 바탕으로 다양성을 포용하고, 전문성을 갖춘 채 윤리∙정직하게 일하며, 데이터를 기반으로 사고하고 의사결정하는 인재를 추구합니다."
현대글로벌서비스,https://crm.hyundai-gs.com/m/Recruit/rec03_1.aspx,"창업정신을 계승해, 최고를 향한 도전과 혁신, 신뢰를 실천하는 창조적 실천인","도전적 열정, 혁신, 정직·신뢰","현대글로벌서비스는 창업정신과 경영철학을 구현하는 '창조적 실천인'을 지향합니다. 일에 대한 열정과 도전으로 자신과 회사를 성장시키며, 창의적 실천으로 세상을 바꿀 수 있는 혁신을 이끌고, 존중과 열린 소통, 정직한 행동으로 신뢰를 쌓는 인재를 찾습니다."
현대모비스,https://www.mobis.com/kr/aboutus/careers.do,도전적·협력적 사고와 창의적 융합 역량으로 내일의 모빌리티를 함께 만들어갈 인재,"도전(Challenge), 협업(Collaboration), 창의성(Creativity), 융합(Convergence)","현대모비스는 내일의 모빌리티를 함께 만들어갈 인재로서, 한계를 뛰어넘는 도전정신과 시너지를 창출하는 협업능력, 세상을 앞서가는 창의성, 그리고 성장가능성을 확대하는 융합적 사고를 가진 인재를 지향합니다."
HD현대삼호,https://www.hshi.co.kr/PageLink.do?link=recruit/talent,"창조적 지혜와 적극적 의지, 강인한 추진력으로 도전하는 현대정신을 지닌 인재","창조적 예지 (Creative Wisdom), 적극의지 (Positive Thinking), 강인한 추진력 (Unwavering Drive)","HD현대삼호중공업은 창업자 정주영의 철학을 바탕으로, 고객과 사회의 요구에 부응하기 위해 새로움을 추구하는 창의적 지혜를 갖추고, 투철한 주인의식으로 능동적으로 도전하며, 불굴의 의지로 목표를 달성하는 강인한 추진력을 가진 인재를 추구합니다."
HD현대일렉트릭,https://careers.hyundaigroup.com/rightperson,"도전, 소통, 창의로 미래를 개척하는 인재","도전, 소통, 창의","현대그룹은 꿈을 향해 도전하며, 소통과 협업을 통해 함께 성장하고, 창조적인 아이디어를 실행으로 옮겨 미래를 개척하는 인재를 지향합니다."
현대제철,https://www.hyundai-steel.com/kr/company/hyundaisteel-story,"도전정신, 창의적 실행, 전문성, 협업으로 미래를 창조하는 인재","Challenger, Creator, Specialist, Collaborator","현대제철은 미래 도약을 위한 도전정신(Challenger)을 갖추고, 적극적이고 창의적인 자세로 변화에 대응하는 창조인(Creator), 담당 분야에서 최고가 되기 위해 전문역량을 갖춘 전문인(Specialist), 동료들과 원만하게 협력하는 친화인(Collaborator)을 지향합니다."
현대해상,https://hi.recruiter.co.kr/career/taleted,미래를 주도하며 고객 가치를 창출하고 책임감을 실천하는 금융 전문인재,"미래 창조인, 금융 전문인, 자율 경영인, HEART (존중/Honor, 효율/Efficiency, 실행/Action, 정도/Right, 협력/Together)","현대해상은 미래를 주도하는 창조적 인재, 고객의 가치를 창출하는 금융 전문인, 책임감과 주인의식을 갖춘 자율 경영인을 지향합니다. 또한 존중(Honor), 효율(Efficiency), 실행(Action), 정도(Right), 협력(Together)이라는 HEART 핵심가치를 실천하는 인재를 원합니다."
현대엔지니어링,https://m.hec.co.kr/ko/recruit/talent,전문성과 도전정신을 바탕으로 협업하며 인간 중심의 가치를 실천하는 인재,"Expert with U, Pioneer, Professional, Humanist","현대엔지니어링은 전체를 이해하고 진취적으로 협업하는 전문가(Expert with U), 과감한 시도로 끝까지 완수하는 개척자 정신의 도전가(Pioneer), 높은 성과를 내기 위한 전문성과 몰입을 지닌 전문인(Professional), 대내외를 존중하고 배려하는 인간 중심의 인재(Humanist)로 구성된 인재상을 지향합니다."
현대트랜시스,https://www.hyundai-transys.com/ko/company/information/philosophy.do,"창의적 사고와 끝없는 도전으로 새로운 미래를 창조하고, 무한책임 정신을 실천하는 인재","고객 최우선, 도전적 실행, 소통과 협력, 인재 존중, 글로벌 지향","현대트랜시스는 고객의 안전과 행복을 위해 무한 책임 정신으로 품질을 보장하며, 실패를 두려워하지 않고 끊임없이 도전하여 더 큰 미래를 실현하는 인재를 지향합니다. 구성원은 고객을 최우선으로 여기며, 도전적 실행과 소통·협력을 통해 함께 성장하고, 상호 존중과 글로벌 마인드를 바탕으로 지속가능한 가치를 창출"
현대위아,https://hyundai-wia.recruiter.co.kr/career/home,도전과 혁신으로 초일류로 이끄는 창조적 사고와 실천 인재,"고객 최우선, 도전적 실행, 인재 존중, 소통과 협력, 글로벌 지향","현대위아는 도전과 혁신을 기반으로 회사의 초일류 도약을 주도할 창조적 사고와 실천 의지를 갖춘 인재를 찾습니다. 고객을 최우선으로 고려하며, 도전적 실행을 통해 목표를 실현하고, 구성원을 존중하며 소통과 협력을 통해 함께 성장하며, 글로벌 시각을 갖춘 인재를 지향합니다."
HDC현대산업개발,https://www.hdc-dvp.com/mobile/recruitment/talent.do,"원칙에 따라 실행하고, 혁신과 독창성으로 고객 중심의 통찰과 열정을 실천하는 인재","정도경영, 실행, 혁신, 독창성, 고객중심, 통찰, 열정","HDC현대산업개발은 원칙에 따라 바르게 사고하며 철저히 실행하는 자세를 갖춘 인재를 지향합니다. 또한 끊임없이 변화를 주도하고, 우리만의 독창성으로 세상을 이끌며, 고객을 존재 이유로 여겨 고객 중심의 가치를 실현합니다. 더 넓은 관점에서 균형과 조화를 추구하는 통찰력과, 모든 일에 앞서 열정이 우선하는 태도를 중요시합니다."
KIA,https://career.kia.com/life/slogan.kc,"고객과 동료에게 영감을 주며 함께 더 멀리 나아가고, 한계를 과감히 도전하는 인재","고객중심, 사람중심, 협업, 책임, 도전, 개선, 민첩성, 데이터 기반 사고","기아는 사람을 중심에 두며, 고객과 동료에게 영감을 불어넣고 함께 성장하는 인재를 지향합니다. 서로를 존중과 공감으로 연결하고, 공정하고 지속가능한 세상을 만드는 데 책임을 다합니다. 또한 한계를 과감히 도전하며, 민첩하게 대응하고 지속적으로 개선하며, 데이터와 직관의 균형을 기반으로 최적의 결정을 내리는 인재가 되길 바랍니다."
네이버,https://recruit.navercorp.com/cnts/value,모두에게 더 나은 가능성을 열어주고 기술로 연결하며 다양성을 포용하는 인재,"가능성 창출, 기술로 연결, 다양성, 창업 지원, 시대 기록","NAVER는 모두에게 더 나은 가능성을 제공하고, 기술을 다리로 삼아 사람과 세상을 연결하며, 다양한 시선과 창작을 포용하는 인재를 지향합니다. 나아가 창업자를 데이터와 기술로 지원하고, 시대의 흐름을 기록하는 서비스를 함께 만들어갈 인재를 찾습니다."
SK,https://www.sk.co.kr/ko/careers/person.jsp,경영철학에 대한 확신을 바탕으로 일과 싸워 이기는 패기를 실천하는 인재,"경영철학 확신, Voluntarily, Willingly, Brain Engagement (VWBE), Super Excellence (SUPEX), 과감한 실행의 패기, 팀워크","SK는 구성원이 경영철학에 대한 확신을 가지고 내적으로 동기부여된 자발성과 의욕(VWBE)을 발휘하며, 인간 능력의 최고 수준인 SUPEX를 추구하는 ‘일과 싸워 이기는 과감한 실행의 패기’를 지닌 인재를 원합니다. 또한, 팀워크를 통해 함께 성장하는 사람이 되기를 지향합니다."
SK네트웍스,https://www.sknetworks.co.kr/career/corporate-culture,패기와 소통으로 고객 가치를 창출하고 전문성을 지닌 인재,"패기, 고객지향, 전문성, 소통","SK네트웍스는 자발적 의욕(brain engagement)인 ‘패기’를 발휘하고, 고객과 호흡하며 가치를 창출하는 인재를 지향합니다. 동시에 꾸준한 자기개발을 통해 전문성을 유지하며, 열린 마음으로 동료와 소통하고 협업할 수 있는 사람을 원합니다."
SK하이닉스,https://www.skhynix.com/careers/UI-FR-CR01/,"자발성과 의욕으로 최고를 추구하며, 기술력과 실행력으로 함께 성장하는 인재","VWBE, SUPEX, Passion, Collaboration, Technical Competency, Strategic Thinking & Execution","SK하이닉스는 스스로 동기를 부여하고 적극 참여하는 자발-의욕 인재(VWBE), 인간 능력의 최고 수준을 추구하는 SUPEX형 인재, 기술 역량을 기반으로 '할 수 있다'는 패기를 지닌 인재, 경계를 넘어 협업하는 협력형 인재, 향후 시장을 전략적으로 예측하고 움직이는 사고력 및 실행력을 갖춘 인재를 지향합니다."
SK케미칼,https://skchem.recruiter.co.kr/appsite/company/callSubPage?code1=4000&code2=4200,경영철학에 대한 확신과 VWBE·SUPEX 문화로 실천하는 따뜻한 프로페셔널 인재,"경영철학 확신, VWBE, SUPEX, 따뜻한 프로페셔널","SK케미칼은 경영철학을 확고히 이해하고 실천하며, 자발성(Voluntarily), 의욕(Willingly), 두뇌 활용(Brain Engagement)의 VWBE, 인간 능력의 최고 수준을 추구하는 SUPEX 문화를 바탕으로 ‘따뜻한 프로페셔널(Friendly, Reliable, Energetic, Sociable, Happy)’한 인재를 지향합니다."
SK가스,https://skgas.co.kr/Company/people.html,자긍심과 배려를 기반으로 주인의식을 가지고 성장하며 도전하고 실행하는 따뜻한 프로페셔널,"따뜻함, 프로페셔널, 자긍심·공동체, 주인의식, 도전적 목표, 즐거운 실행, 지식 공유","SK가스는 스스로의 일에 자긍심과 공동체 의식을 갖고, 주인의식을 기반으로 끊임없이 성장하며 도전적 목표를 설정하고 철저하되 즐겁게 실행하며 지식을 나누며 함께 발전하는 '따뜻한 프로페셔널' 인재를 추구합니다."
SK마이크로웍스,https://skmws.recruiter.co.kr/appsite/company/callSubPage?code1=4000&code2=4200,"경영철학에 대한 확신과 VWBE·SUPEX 문화를 바탕으로, 글로벌 소재 전문성으로 패기 있게 도전하는 인재","경영철학 확신, VWBE, SUPEX, 패기, 글로벌 전문성","SK머티리얼즈는 SK 그룹의 경영철학에 대한 확신을 갖고, 자발성·의욕·두뇌 활용(VWBE)을 기반으로 인재의 최고 수준을 추구하는 SUPEX 문화를 실천하는 인재를 지향합니다. 또한 과감한 실행의 패기를 바탕으로 글로벌 소재 분야의 전문가로 성장할 수 있는 인재를 기대합니다."
SK이터닉스,https://www.sketernix.com/career/value.do,"지속가능한 에너지 세상을 향한 신념으로, 자긍심과 공동체 의식을 갖추고, 도전적 목표를 설정하며 즐겁게 실행하고 지식을 공유하는 ‘따뜻한 프로페셔널’ 인재","따뜻함 (자긍심, 공동체 의식, 상호 배려), 프로페셔널 (내 일 알기, 도전적 목표 설정, 철저하고 즐거운 실행, 지식 공유)","SK이터닉스 구성원은 ‘지속가능한 에너지 세상을 만든다’는 신념 아래 내 일에 대한 자긍심과 조직에 대한 공동체 의식을 갖춘 따뜻함을 지닌 사람들입니다. 이들은 과감한 목표를 스스로 설정하고, 책임감 있게 실행하며 그 과정에서 즐거움을 추구합니다. 또한 업무에서 얻은 지식을 적극적으로 공유함으로써 자신뿐 아니라 조직 전체의 역량을 함께 키워나가는 프로페셔널 인재입니다."
SK엔펄스,https://www.skenpulse.com/kr/recruit/talent?anchor=middleArea,"SK 경영철학에 대한 확신과 열정을 바탕으로, 패기와 실행력을 갖춘 셀프리더십 인재","경영철학 확신, 열정(패기), 실천역량, 셀프리더십","SK엔펄스는 SK 경영철학에 대한 확신을 바탕으로 뜨거운 열정을 지닌 인재를 원합니다. 도전적인 패기를 갖고 적극적으로 사고하며, 진취적인 실천 역량으로 결과를 만드는 동시에, 자기 자신을 주도하는 셀프리더십을 발휘하는 인재를 추구합니다."
SK텔레콤_서비스탑,https://www.svctop.co.kr/html/recruiting-value.html,사랑과 열정으로 도전하고 책임질 줄 아는 인재,"Passion & Love, Challenge & Innovation, Integrity & Accountability","서비스탑은 고객, 회사, 구성원에 대한 ‘사랑’을 바탕으로 모든 일에 열정을 가지고 자발적으로 임하며(Passion & Love), 끊임없이 최상의 목표를 추구하고 창의적이고 혁신적으로 완수해내는 인재(Challenge & Innovation), 높은 수준의 정직과 윤리 의식을 지니고 끝까지 책임지는 자세를 실천할 줄 아는 인재(Integrity & Accountability)를 지향합니다."
SK이노베이션,https://www.skinnovation.com/recruit/org_culture,전문성과 책임을 기반으로 서로를 존중하며 치열한 토론 속에서 혁신을 이끄는 ‘돌봄의 프로페셔널’을 실천하는 인재,"프로페셔널리즘, 책임 있는 퍼포먼스, 돌봄(Caring), 치열한 소통·합의 문화, 혁신적 사고","SK이노베이션은 각자의 분야에서 탁월한 전문성을 갖추고, 높은 책임감과 퍼포먼스를 지녀야 하며, 서로를 존중하는 돌봄의 태도를 지닌 인재를 원합니다. 또한 치열하게 토론하고 합의하는 조직문화를 통해 사고의 프레임을 전환하고 일하는 방식을 혁신하는 인재상을 지향합니다."
SK이노베이션_강원도시가스,https://www.skens.com/gangwon/content/view.do?cate=company&m1=recruit,"변화를 두려워하지 않고 책임과 도전정신으로 적극 실천하며, 협심과 열정을 통해 함께 성장하는 인재","Innovation, Globality, Integrity, Accountability, Challenge, Passion, Love","강원도시가스는 변화에 대한 두려움 없이 창의적으로 문제를 해결하는 혁신적인 인재, 글로벌 사업을 이끌 수 있는 역량 있는 인재, 원칙과 규범을 지키며 책임감 있게 행동하는 인재, 꼼꼼히 일을 처리하는 실행력 있는 인재, 경쟁을 불사하며 도전하는 인재, 자발성과 열정으로 문제에 임하는 인재, 그리고 회사에 대한 애정과 동료 존중을 바탕으로 협력하는 인재를 지향합니다."
SK지오센트릭,https://www.skgeocentric.com/company/vision,"혁신과 기술로 지속가능한 경쟁력을 강화하며, 순환경제를 선도하는 인재","혁신, 기술력, 지속가능성, 순환경제, 글로벌 경쟁력","SK지오센트릭은 끊임없는 혁신과 기술력으로 본원적 경쟁력을 강화하고, Green for Better Life라는 비전을 구현하기 위해 순환경제 모델을 선도하는 인재를 지향합니다. 이러한 인재는 지속가능한 화학기업으로 성장하기 위한 글로벌 경쟁력도 갖추어야 합니다."
SK디스커버리,https://www.skdiscovery.com/kr/pro.aspx,"따뜻한 태도로 동료를 신뢰하며 성장에 기여하는, 전문성과 협업을 갖춘 인재","따뜻함, 신뢰, 성장지향, 전문성, 협업","SK디스커버리는 구성원 간 정서적 유대와 신뢰를 바탕으로, 동료의 성장을 적극 도우며 내 의견과 다른 의견 모두 경청하는 '따뜻한 프로페셔널' 인재상을 지향합니다."
롯데,https://www.lotte.co.kr/careers/humanResources.do,미래를 만들어 가는 책임과 열정을 가진 글로벌 인재,"도전정신, 자기계발, 협력과 상생","롯데는 현재보다 미래에 더 큰 가치를 두며, 자신의 성장과 함께 사회를 성숙하게 하는 책임감과 열정을 갖춘 글로벌 인재를 찾습니다. 실패를 두려워하지 않고 도전하는 패기를 지닌 인재, 실력 향상을 위해 끊임없이 노력하는 자기계발형 인재, 협력과 배려를 통해 사회와 함께 성장하는 상생의 인재상을 지향합니다."
롯데마트,https://recruit.lottemart.com/rem/pbcm/PbcmRecruit0003.jsp,"고객 중심 사고와 창의·비판적 사고, 협업과 소통을 통해 책임감 있게 업무를 완수하는 인재","고객지향성, 창의성과 혁신, 책임감, 비판적 사고, 협업, 소통","롯데마트는 고객의 니즈를 정확히 파악해 만족을 이끌어내는 고객 지향적인 인재, 창의적이고 혁신적인 해결책을 제시하는 인재, 올바른 비판을 통해 건전한 대안을 마련하는 비판적 사고형 인재를 지향합니다. 또한 다른 부서와 유기적으로 협업하며, 구성원 간 적극적으로 소통하고, 기본을 지키며 책임감 있게 업무를 수행할 수 있는 인재를 원합니다."
롯데바이오로직스,https://www.lottebiologics.com/ko/Careers/recruitment,"호기심과 도전정신, 성실함과 윤리성을 가지고 글로벌 리더로 성장하는 인재","호기심, 강인함, 성실함, 윤리성, 글로벌 마인드","롯데바이오로직스는 끊임없이 변화의 기회를 호기심으로 탐색하고, 포기 없는 강인함으로 새로운 가치를 창출하며, 기본과 원칙에 충실한 성실함과 윤리성을 바탕으로 신뢰를 구축하고, 전 세계 다양성을 수용하는 글로벌 마인드를 갖춘 리더로 성장할 인재를 찾습니다."
롯데케미칼,https://www.lottechem.com/ko/recruit/talent.do,능동적이고 탁월하며 조화롭게 성장하는 인재,"능동성, 탁월성, 조화·협력·다양성","롯데케미칼은 책임감을 가지고 스스로 동기부여하며 성장하는 능동적인 인재, 실행력을 바탕으로 최고의 탁월성을 추구하는 도전적 인재, 다양성을 존중하고 협력하며 조화롭게 일하는 인재를 지향합니다."
롯데쇼핑,https://www.lotte.co.kr/careers/humanResources.do,실패를 두려워하지 않고 성장과 사회 발전을 함께 이루는 열정과 책임 있는 글로벌 인재,"도전정신, 자기계발, 협력과 상생","롯데는 실패를 두려워하지 않고 도전하며, 자신의 역량을 끊임없이 개발해 성장하는 인재를 찾습니다. 또한, 협력과 상생을 통해 사회에 기여하는 책임 있는 글로벌 인재상을 지향합니다."
롯데건설,https://career.lottecon.co.kr/aboutus/talents,"미래를 함께 만들어 가며, 성장과 책임감을 갖춘 글로벌 인재","성과인, 도전인, 지력인, 극기인","롯데건설은 미래를 만들어 가는 가능성 위에 가치를 두며, 자기 성장과 사회 성숙에 기여하는 열정과 책임감을 갖춘 글로벌 인재를 찾습니다. 성과인을 통해 목표 달성과 발전에 기여하고, 도전인은 자율성과 글로벌 시각으로 불굴의 자세를 실천하며, 지력인은 전문 지식과 인적 네트워크를 갖춘 유능한 인재, 극기인은 기본과 원칙을 지키며 자기 극복의 자세를 유지하는 인재를 지향합니다."
호텔롯데,https://www.hotellotte.com/ko/careers/employees/our-people,"변화를 주도하고 성장하며, 글로벌 감각으로 이로운 미래를 만드는 인재","혁신적 인재, 성장형 인재, 글로벌 인재","호텔롯데는 고객과 사회의 행복한 삶을 위해 본질을 이해하고 끊임없이 변화를 추구하는 혁신적인 인재를 추구합니다. 또한 스스로를 객관화하며 지속적으로 성장하고자 하는 열정적인 인재, 창의성과 전문성을 갖춰 다양한 문화를 수용하고 유연한 사고로 서비스를 창출하는 글로벌 인재를 지향합니다."
POSCO퓨처엠,https://www.poscofuturem.com/recruitment/talent.do,"실천 의식과 배려의 마인드를 바탕으로, 유연한 사고와 학습으로 미래를 주도하는 창의적 인재","실천 의식·책임감, 배려·존중, 유연한 사고·지속 학습","포스코퓨처엠은 주인의식을 갖고 솔선수범해 협업하며 동료와 조직에 시너지를 창출하는 인재, 겸손과 존중의 태도로 이해관계자와 진정성 있게 소통하고 상생을 실천하는 인재, 유연한 사고와 지속적인 학습을 통해 도전적인 아이디어를 제시하며 변화와 성장을 이끄는 미래 지향적 인재를 지향합니다."
POSCO기술투자,https://www.poscoinvestment.com/ir/talent.do,"실천 의식과 배려를 바탕으로, 창의적으로 성장과 변화를 주도하는 인재","실천의식·책임감, 배려·존중, 창의·혁신","포스코기술투자는 주인의식과 책임감을 갖고 능동적으로 행동하는 실천 인재, 겸손과 존중으로 함께 협업하는 배려 인재, 혁신적 사고와 진취적인 자세로 변화를 주도하는 창의적 인재를 지향합니다."
POSCODX,https://www.poscodx.com/kor/about/ideal,실천 의식과 배려의 마인드를 갖춘 창의적 인재,"기술·성장, 도전·창의, 배려·협업","POSCO DX는 전문적인 기술력과 유연한 학습 자세로 끈기 있게 성장하는 '기술인', 의지와 열정, 창의적인 시각으로 새로운 가치를 창출하는 '도전인', 타인을 배려하고 열린 소통으로 협력하여 One Team을 실현하는 '화합인'을 지향합니다."
POSCOflow,https://www.poscoflow.com/recruit/personnel1.do,"실천과 배려, 창의적 사고로 앞서 나아가는 인재","실천(Action), 배려(Consideration), 창의(Creativity)","포스코플로우는 주인의식과 책임감을 바탕으로 결단력 있게 솔선수범하는 실천형 인재, 겸손과 존중으로 상생을 실천하며 봉사와 희생의 자세를 지닌 배려형 인재, 그리고 본연의 업무에 몰입하여 주도적으로 문제를 해결하고 새로운 아이디어를 적용하는 창의적 인재를 지향합니다."
POSCOA&C,https://poscoanc.recruiter.co.kr/career/people,실천하고 배려하며 창의적 사고로 함께 성장하는 인재,"실천의식, 배려, 창의, Professionalism, Innovative Thinking, Global Competence","포스코A&C는 주인의식과 책임감으로 솔선수범하며 실천하는 인재, 겸손과 존중으로 조화와 상생을 이루는 배려형 인재, 유연한 사고와 지속적인 학습으로 혁신적 아이디어를 주도하는 창의적 인재를 지향합니다."
POSCOE&C,https://www.poscoenc.com/ko/career/talent.aspx,도전과 배려로 안전하고 행복한 일터를 만들며 가치를 함께 실현하는 창의적 인재,"실천(Action), 배려(Consideration), 창의(Creativity)","POSCO E&C는 변화를 두려워하지 않고 끊임없이 도전하며, 다양한 이해관계자와 협력하고 상생하는 배려형 인재, 또한 안전하고 행복한 일터를 구현하기 위해 창의적으로 가치를 창출하고 함께 실현해 나가는 인재를 지향합니다."
POSCOInternational,https://www.poscointl.com/talent,자기혁신적 철학 공감과 상호 성장을 이끄는 인재,"Invincible Challenger, Creative Entrepreneur, Empathetic Leader","POSCO International은 스스로 동기를 부여하며 혁신을 실천하고, 철학과 가치에 공감하며 함께 성장할 인재를 찾습니다. 변화에 두려움 없이 과감히 도전하는 '도전가', 전략적 사고로 기회를 발굴하고 실행하는 '창조적 사업가', 사회적 책임 의식과 공감으로 솔선수범하는 '지지적 리더'를 지향합니다."
POSCOHYcleanmetal,https://www.poscohycm.co.kr/page/ideal,실천의식과 배려의 마인드를 가진 창의적 인재,"실천(Action), 배려(Consideration), 창의(Creativity)","POSCO HY Clean Metal은 주인의식과 책임감으로 솔선수범하며 실천하는 인재, 겸손과 존중의 태도로 상생을 실천하는 배려형 인재, 자신의 업무에 집중해 새로운 아이디어를 적용하는 창의적 인재를 지향합니다."
POSCO스틸리온,https://www.poscosteeleon.com/kr/recruit/talent.do,실천의식과 배려의 마인드를 갖춘 창의적 인재,"실천(Action), 배려(Consideration), 창의(Creativity)","포스코스틸리온은 주인의식과 책임감을 바탕으로 결단력 있게 솔선수범하는 '실천형 인재', 겸손과 존중으로 상생하며 희생과 봉사를 실천하는 '배려형 인재', 업무에 몰입하여 주도적으로 문제를 해결하고 새로운 아이디어를 적용하는 '창의적 인재'를 지향합니다."
아모레퍼시픽,https://www.apgroup.com/int/ko/about-us/amorepacific/our-values/our-values.html,"고객 중심의 혁신, 열린 협업, 차별 존중과 정직함을 실천하며 뉴뷰티로 세상을 아름답게 만드는 인재","Customers First, Be the First and the Best, Collaborate with an Open Mind, Respect Differences, Act with Integrity","아모레퍼시픽은 고객을 최우선으로 행동하며, 최초와 최고를 향한 끊임없는 시도를 통해 혁신을 주도합니다. 열린 마음으로 협업하고, 다름을 인정하며 존중하는 태도로 조직의 다양성을 포용합니다. 또한 정직하고 원칙적으로 행동함으로써 신뢰를 실천하며, '뉴뷰티(New Beauty)'를 통해 개인의 고유한 아름다움을 발견하고 세상을 더욱 아름답게 만드는 인재를 지향합니다."
국민건강보험공단,https://www.nhis.or.kr/nhis/about/wbhafa01500m01.do,"정직함과 성실성을 바탕으로 책임을 다하며, 지속적으로 스스로를 발전시키는 인재","정직, 성실, 책임감, 자기 계발, 주인의식","국민건강보험공단은 국민 보건 향상 및 사회 보장 증진이라는 사명에 자부심을 갖고, 언제나 정직하고 성실한 자세로 업무에 임하는 인재를 지향합니다. 또한 국제화·개방화 시대에 맞춰 스스로나 인재상을 정립하고 끊임없이 자기 계발에 힘쓰며, 맡은 역할에 주인의식을 갖고 책임감 있게 실천하는 인재를 원합니다."
국민연금공단,https://nps.recruiter.co.kr/career/people,"실천적 윤리와 전문성, 글로벌 혁신을 기반으로 공감과 소통을 실천하는 인재","실천적 윤리인, 글로벌 전문인, 자율적 혁신인","국민연금공단은 최고의 직업윤리를 바탕으로 전문성 있는 실천형 인재(실천적 윤리인), 글로벌 전문성을 갖추어 상생과 협업을 실현하는 인재(글로벌 전문인), 그리고 혁신과 신기술을 주도적으로 수용하고 적용하는 스마트 혁신형 인재(자율적 혁신인)를 지향합니다."
한전KPS,https://www.kps.co.kr/about/about_06_01.do,기술과 고객 중심 사고로 지속 혁신하며 책임과 학습으로 최고 전문성을 추구하는 인재,"기술 혁신, 고객 중심, 전문성, 책임감, 학습","한전KPS는 지속적인 기술 및 경영 혁신을 통해 글로벌 경쟁력을 확보하며, 고객의 관점에서 미리 생각하고 니즈를 충족시키는 고객 중심형 인재를 지향합니다. 또한 끊임없는 학습과 기술 연마로 플랜트 서비스 분야에서 최고의 전문성과 안전 의식을 갖춘 인재, 맡은 일에 책임과 열정을 다하는 인재상을 추구합니다."
KB금융그룹,https://www.kbfg.com/kor/about/group/value.htm,"고객 중심 사고와 전문성, 혁신 주도력, 정직한 신뢰, 그리고 사회와 함께 성장하는 인재","고객중심, 전문성, 혁신주도, 신뢰정직, 동반성장","KB금융그룹은 고객의 행복과 더 나은 세상을 추구하며, 고객 중심의 사고를 실천하는 인재를 지향합니다. 업계 최고 수준의 전문성을 갖추고 끊임없이 노력하며, 창의적인 사고와 과감한 도전을 통해 금융 혁신을 선도하는 인재로서, 윤리와 정직을 기반으로 신뢰를 쌓고, 개인과 조직을 넘어 사회와 함께 성장하는 인재를 목표로 합니다."
KB국민은행,https://omoney.kbstar.com/quics?page=C017618#loading,창의적 사고와 행동으로 변화를 선도하며 고객 가치를 향상시키는 프로 금융인,"고객우선주의, 자율과 책임, 적극적 사고와 행동, 다양한 가치의 존중","KB국민은행은 고객 중심의 사고와 프로의식을 바탕으로 고객 가치를 창출하는 인재를 지향합니다. 스스로 판단하고 책임지는 자율적 자세로 업무에 임하며, 혁신적인 사고와 행동으로 변화를 주도해 성장하는 전문성을 갖춘 인재, 다양한 가치와 사고를 포용하는 열린 태도로 조직 및 사회와 함께 성장하는 인재를 원합니다."
KB캐피탈,https://m.kbcapital.co.kr/aboutus/empinfo/corpClt.kbc,"자율과 책임, 즐거움으로 팀워크와 균형을 실현하는 대한민국 1등 인재","Autonomy, Responsibility, Pleasure","KB캐피탈은 대한민국 1등을 지향하며, 변화를 창조하는 전략적 사고와 창의성을 지닌 자율형 인재, 주주와 고객을 고려한 목표 의식과 윤리적 행동을 기반으로 하는 책임감 있는 인재, 밝은 에너지로 열정과 실천을 이어가는 즐거움을 실천하는 인재를 찾습니다."
KB손해보험,http://insight.kbinsure.co.kr/kb%EC%86%90%ED%95%B4%EB%B3%B4%ED%97%98-%EC%9D%B8%EC%9E%AC%EC%83%81/,"도전과 창의, 고객 중심 사고와 디지털 융합 역량을 통해 신속하고 전문적으로 실행하는 인재","도전창의, 고객중심, 디지털융합, 신속전문성","KB손해보험은 변화를 두려워하지 않고 새로운 방안과 기회를 찾는 도전적이고 창의적인 인재, 고객 관점에서 소통하고 만족을 실현하는 고객 중심 인재, 디지털 기반 융합 사고로 혁신과 효율을 추구하는 디지털 융합 인재, 자기개발과 열정을 통해 신속하고 전문적으로 실행하는 전문가 인재를 지향합니다."
KB증권,https://careers.kbfg.com/culture/culture,"고객 중심 사고와 전문성을 바탕으로 혁신을 주도하고, 정직과 신뢰로 사회와 함께 성장하는 인재","고객중심, 전문성, 혁신주도, 신뢰정직, 동반성장","KB금융그룹은 고객의 입장과 이익을 항상 최우선으로 고려하며, 업계를 선도하는 전문 역량을 갖추고자 끊임없이 노력하는 인재를 지향합니다. 또한 미래 금융산업을 창조적으로 혁신하며 도전하고, 윤리적 행동으로 신뢰를 쌓고, 개인과 조직뿐 아니라 사회 발전에도 기여하는 동반성장형 인재를 원합니다."
하나금융,https://www.hanafn.com/hfm/mnu/info/about/people/seniorList.do,"온기와 용기, 그리고 성장에 대한 동기를 갖춘 하나인이 되어, 함께 성장하고 사회에 긍정적 영향을 주는 인재","온기 (Humanity), 용기 (First Mover), 동기 (Growth Mind)","하나금융그룹은 존중과 배려로 서로를 따뜻하게 연결하는 '온기'를 실천하며, 변화를 두려워하지 않고 혁신을 주도하는 '용기'를 가진 인재, 그리고 몰입과 성취감을 통해 지속 성장하는 '동기'를 내재화한 인재를 지향합니다."
하나은행,https://hanabank.recruiter.co.kr/career/talent,"따뜻함과 용기, 성장에 대한 동기를 바탕으로 실천하는 인재","온기 (인간미), 용기 (First Mover), 동기 (Growth Mind), Passion, Openness, With Customer, Excellence, Respect, Integrity","하나금융그룹은 사람에 대한 따뜻한 배려와 협업(온기), 변화를 두려워하지 않고 미래를 주도하는 용기, 성장 목표를 스스로 세우고 실천하는 동기를 갖춘 인재를 지향합니다. 또한 태양처럼 뜨거운 열정(Passion), 하늘처럼 열린 마음(Open Mind), 손님을 우선하는 자세(With Customer), 최고의 전문성(Excellence), 존중과 배려(Respect), 그리고 변하지 않는 정직과 성실성(Integrity)이라는 핵심가치에 따라 행동하는 인재를 원합니다."
한화,https://www.hanwhacorp.co.kr/hanwha/hrmanagement/talentedhr.jsp,"주인의식, 탁월한 차별성, 변화 수용성을 갖춘 Great Challenger 인재","Ownership (주인의식), Exceptional Distinction (탁월한 차별성), Adaptability (변화 수용성)","한화는 장기적인 시야로 책임감 있게 몰입하며 주인의식을 실천하고, 기존의 틀을 넘어 디테일과 꾸준함으로 차별화를 추구하는 인재, 변화에 겸손하게 대처하며 기회를 선점할 수 있는 유연한 사고를 지닌 인재를 지향합니다."
한화솔루션,https://hcc.hanwha.co.kr/ko/recruit/talent,"주인의식, 탁월한 차별성, 변화 수용성을 갖춘 Great Challenger 인재","Ownership (주인의식), Exceptional Distinction (탁월한 차별성), Adaptability (변화 수용성)","한화솔루션 케미칼 부문은 장기적 관점에서 책임감 있게 몰입하고 주도적으로 실행하는 ‘주인의식’ 인재, 기존의 관습을 뛰어넘는 대담한 목표와 디테일로 차별성을 만들어내는 ‘탁월성’ 인재, 시장의 변화를 냉정히 인지하고 기회를 선제적으로 포착하는 ‘변화 수용성’ 인재로 구성된 Great Challenger를 지향합니다."
한화시스템,https://www.hanwhasystems.com/kr/recruit/recruit1.do,"주인의식, 차별성, 변화수용성을 갖춘 Great Challenger 인재","Ownership (주인의식), Exceptional Distinction (탁월한 차별성), Adaptability (변화 수용성)","한화시스템은 사업의 주인이 되어 책임감 있게 몰입하며 빠르게 실행하는 'Ownership', 업계 상식을 뛰어넘는 대담한 목표 설정과 세밀한 차별화로 한발 앞서 나가는 'Exceptional Distinction', 그리고 변화에 안주하지 않고 냉정히 현실을 직시하며 미래 기회를 선제적으로 포착하는 'Adaptability'를 갖춘 Great Challenger 인재상을 지향합니다."
한화에너지,https://hec.hanwha.co.kr/recruit.do,"주인의식, 차별성, 변화수용성을 갖춘 Great Challenger 인재","도전(Challenge), 헌신(Dedication), 정도(Integrity)","한화엔지니어링은 기존의 틀에 안주하지 않고 혁신을 통해 최고의 성과를 추구하는 '도전형 인재', 공동의 목표를 위해 헌신하며 고객과 동료에게 기여하는 '헌신형 인재', 원칙에 따라 정직하고 공정하게 행동하는 '정도 지향 인재'를 지향합니다."
한화생명금융서비스,https://www.hanwhalifefs.com/recruit/talent,한화인의 도전·헌신·정도로 금융서비스의 가치를 창조하는 인재,"도전(Challenge), 헌신(Dedication), 정도(Integrity)","한화생명금융서비스는 기존의 방식에 머무르지 않고 변화를 이끌며 최고를 추구하는 ‘도전적인 인재(Challenge)’, 고객과 조직에 충실하며 큰 목표를 위해 헌신하는 ‘헌신적인 인재(Dedication)’, 그리고 어떤 상황에서도 원칙에 따라 공정하고 정직하게 행동하는 ‘정도 지향 인재(Integrity)’를 지향합니다."
한화에어로스페이스,https://www.hanwhaaerospace.com/kor/careers/talent.do,"현실을 냉정하게 직시하고 겸손하게 깨어 있으며, 미래를 선제적으로 대비해 기회를 창출하는 인재","냉철한 현실 인식, 겸손, 미래 대비 능력","한화에어로스페이스는 과거 성과에 안주하지 않고 냉혹한 현실을 직시하며, 성공에 도취하지 않고 늘 겸손한 자세를 유지하는 인재를 지향합니다. 또한 변화의 예고 없이 찾아오는 시장 환경에서도 준비된 자세로 미래를 선제적으로 대비하여 새로운 기회를 발굴해내는 인재로 성장하기를 바랍니다."
한화오션에코텍,https://hanwhaoceanecotech.com/kor/careers/talent.php,전문성과 원칙에 기반해 성실히 임하고 책임을 다하는 인재,"직무전문성, 원칙준수, 성실, 책임감","한화오션에코텍은 직무에 대한 깊은 전문성을 바탕으로 원칙을 준수하며 성실하게 임하고, 자신이 맡은 일에 책임감을 갖고 일관되게 최선을 다하는 인재를 지향합니다."
한화손해보험,https://www.hanwhasonsa.co.kr/rct/people,정확하고 공정하며 신속하게 고객의 신뢰를 실천하는 인재,"정확, 공정, 신속","한화손해사정은 정확한 근거와 자료를 바탕으로 심사하고, 어떠한 상황에서도 흔들림 없는 공정성을 유지하며, 고객의 이익을 위해 최대한 신속하게 대응하는 인재를 지향합니다."
한국산업은행,https://recruit.kdb.co.kr/index.jsp,"열정과 공감, 창조와 원칙, 전문성을 바탕으로 사회에 기여하는 인재","Passionate, People-based, Pioneer, Principle-based, Professional","한국산업은행은 조직과 사회에 활력을 불어넣는 열정적인 인재(Passionate), 따뜻한 배려로 함께 성장하는 인재(People-based), 새로운 변화를 이끄는 도전적 인재(Pioneer), 올바른 원칙을 지키며 타인을 존중하는 인재(Principle-based), 전문성과 창의력을 갖춘 금융 전문가(Professional)를 지향합니다."
신한은행,https://shinhan.recruiter.co.kr/career/people,"따뜻함, 창의, 열정으로 행동하며, 다양한 가치와 공감으로 변화를 주도하는 인재","Warmness, Creativity, Passion, Empathy, Innovation","신한은행은 고객과 사회의 따뜻한 미래를 생각하며 정직과 신뢰로 행동하는 인재, 유연하고 열린 사고로 차별화된 아이디어를 도출하는 창의적 인재, 실패를 두려워하지 않고 도전적 목표를 향해 빠르게 실행하는 열정적인 인재를 지향합니다. 또한 다양한 배경과 사고를 포용하며 공감으로 함께 성장하고 디지털 시대의 변화에 앞서가는 인재가 되기를 바랍니다."
신한라이프,https://www.shinhanlife.co.kr/hp/cdhh0350.do,"공정함, 유연성, 목표 중심성, 개방성, 민첩성, 실용성, 협업, 수평성으로 일하는 인재","공정함(Fairness), 유연성(Flexibility), 목표지향(Goal-Orientation), 개방성(Openness), 민첩성(Agility), 실용성(Practicality), 네트워크 협력(Collaboration), 수평문화(Flat Culture)","신한라이프는 누구에게나 공정한 기회, 과정, 결과를 보장하고, 자율과 창의를 기반으로 유연하게 일하는 인재를 지향합니다. 명확한 목표를 설정하고 몰입하며, 실패를 배우는 경험으로 삼아 토론과 정보공유에 열려 있는 개방적인 태도를 갖추어야 합니다. 또한 빠른 의사결정과 실행으로 민첩하게 움직이고, 불필요한 절차를 줄여 효율적으로 일하며, 부서 간 협업과 그룹 시너지를 중시하고, 직급보다는 역할에 기반한 수평적 문화를 실천하는 인재가 되길 바랍니다."
신한투자증권,https://recruit.shinhansec.com/info/shinhanway.do,"고객 중심 사고를 기반으로, 존중과 혁신, 최고를 지향하며 주인의식을 갖고 행동하는 인재","고객중심, 상호존중, 변화주도, 최고지향, 주인정신","신한금융그룹은 금융으로 세상을 이롭게 한다는 미션 아래, 고객을 우선으로 생각하고(고객중심), 타인을 존중하며 협력하는 인재(상호존중), 변화를 두려워하지 않고 주도적으로 이끌어내는 인재(변화주도), 스스로 최고를 추구하며 전문가로서 지속 성장하는 인재(최고지향), 자신이 맡은 일에 책임감을 갖고 주도적으로 행동하는 인재(주인정신)를 지향합니다."
NH농협,https://www.nonghyup.com/introduction/nhperson/procedure.do,"협력과 신뢰, 전문성과 도덕성, 도전 정신으로 농업과 국민의 행복을 실현하는 인재","시너지 창출, 행복이 파트너, 최고의 전문가, 정직·도덕성, 진취적 도전가","NH농협은 열린 마음으로 구성원 간 협력하여 조직의 시너지를 창출하는 인재(시너지 창출가), 농업인과 고객을 가족처럼 여기며 진정성 있게 행복을 추구하는 서비스 인재(행복이 파트너), 꾸준한 자기계발로 전문 역량을 쌓아 내 분야 최고의 전문가가 되고자 하는 인재(최고의 전문가), 투명하고 정직하게 업무를 수행해 모든 이해관계자에게 신뢰를 받는 인재(정직·도덕성), 미래 지향적 도전정신과 창의성을 바탕으로 지속적으로 변화와 혁신을 추구하는 인재(진취적 도전가)를 지향합니다."
NH농협은행,https://www.nhbank.com/goEtcSubPage.do?srchGb=KO_NHJB_02&srchSiteGb=KO,금융 전문성과 소통·책임·혁신·고객 중심 정신을 실천하는 NH인,"금융전문가, 협력과 소통, 사회적 책임, 변화선도, 고객우선","NH농협은행은 최고의 금융 서비스를 위한 전문성을 갖추고 꾸준히 노력하는 인재, 고객 및 조직 구성원과 존중과 협력의 자세로 소통하는 인재, 도덕성과 정직을 바탕으로 사회적 책임을 실천하는 인재, 다양성과 변화를 적극 수용하여 혁신을 만들어내는 인재, 항상 고객의 입장에서 생각하며 고객 만족을 앞장서 실현하는 인재를 지향합니다."
NH농협생명,https://www.nhlife.co.kr/ho/ci/HOCI0022M00.nhl,"행복을 실현하고, 정직과 전문성으로 혁신하며, 협력과 도전으로 시너지를 창출하는 인재","행복의 파트너, 정직과 도덕성, 최고의 전문가, 진취적 도전가, 시너지 창출가","NH농협생명은 농업인과 고객을 가족처럼 여기는 '행복의 파트너', 투명하고 정직한 업무처리로 신뢰받는 '정직과 도덕성 인재', 자신의 분야에서 최고의 역량을 위해 꾸준히 성장하는 '전문가', 미래에 대한 도전과 창의적 변화를 주도하는 '도전형 인재', 열린 소통과 협력으로 조직의 성과를 극대화하는 '시너지 창출자'를 지향합니다."
NH투자증권,https://nhqv.recruiter.co.kr/career/vision,"시너지 창출, 전문성, 정직, 도전 정신으로 고객에 혁신을 제공하는 인재","시너지 창출가, 최고의 전문가, 정직·도덕성, 진취적 도전가","NH투자증권은 구성원 간 소통과 협력으로 조직의 시너지를 이끌고, 지속적 자기계발로 업계 최고 수준의 전문성을 유지하며, 모든 업무를 투명하고 정직하게 수행하는 인재를 지향합니다. 또한, 혁신적인 사고와 도전정신으로 시장 변화에 능동적으로 대응하고, 고객에게 새로운 가치를 제공하는 인재상을 추구합니다."
우리은행,https://spot.wooribank.com/pot/Dream?withyou=BPHRR0007,올바른 품성을 바탕으로 도전과 창의로 최고의 금융전문가로 성장하는 인재,"정직한 품성, 도전 정신, 창의력, 금융 전문성","우리은행은 올바른 품성을 갖춘 인재가 스스로 도전하며 창의적인 해결을 추구하면서, 시장을 선도하는 금융전문가로 발전할 수 있기를 기대합니다."
GS칼텍스,https://www.gscaltex.com/kr/recruit/idealemployee,"에너지 전환에 참여하며 도전과 혁신을 주도하고, 신뢰·유연·도전·탁월의 가치를 실천하는 인재","신뢰, 유연, 도전, 탁월","GS칼텍스는 에너지 전환을 선도하는 과정에서 끊임없는 도전과 혁신을 추구하고, 그 일원으로 '역할에 대한 이해와 책임을 바탕으로 원칙을 지키는 신뢰형 인재', '다양성과 협업을 존중하며 창의적으로 문제를 해결하는 유연형 인재', '높은 목표를 설정하고 꾸준히 변화를 이끄는 도전형 인재', '성과를 향한 열정과 역량 발휘로 뛰어난 성과를 창출하는 탁월형 인재'를 지향합니다."
GSE&C,https://gsenc.recruiter.co.kr/career/talented,적극적으로 소통하고 실천하며 스스로 성장하는 Professional,"프로 직업정신, 직접 실천, 적극적 소통","1. 자신의 분야에서 최고의 전문가가 되겠다는 능동적 자신감을 보유한 인재: 한 단계 더 나아갈 수 있는 결과물을 내기 위해 고민하며, 그 과정을 통해 누구나 인정하는 전문가로 성장해 나갑니다. (프로 직업정신)
2. 말 보다는 행동을 통해 직접 부딪혀가며 성과를 만들어가는 인재 : 아이디어를 내고 토론하는 것에서 그치지 않고, 집중력과 끈기를 가지고 때로는 집요하게 자신의 업무를 직접 실행합니다. (직접 실천)
3. 소신 있게 자신의 의견을 개진하며 동료와 주도적으로 소통하는 인재: 고민의 결과를 주저하지 않고 자신감 있게 동료들과 공유하며, 나와 다른 의견을 주의 깊게 경청하고 발전적으로 수용합니다. (적극적 소통)"
GS에너지,https://www.gsenergy.co.kr/recruitment/gs_energy_talent.php,늘 도전하며 개방적으로 협업하는 One Team이 되어 혁신을 만드는 인재,"Agile, Open & Challenge, One Team","GS에너지는 변화를 두려워하지 않고 다양한 시도와 검증을 추진하는 **Agile** 인재, 아직 시도되지 않은 영역에도 자발적으로 뛰어드는 **Open & Challenge** 인재, 혁신과 성장을 위해 기꺼이 협업하고 시너지를 창출하는 **One Team** 인재를 지향합니다."
GS리테일,https://gsretail.recruiter.co.kr/career/talent,"GS Value와 Way를 실천하며, 고객 중심·창의·협업·신속 실행을 주도하는 인재","Fair, Friendly, Fresh, Fun; 고객최우선, 트렌드선도, 최고지향, 데이터결정, 신속실행, 소통협업, 비효율개선, 본질준수","GS리테일은 공정함과 배려, 창의와 즐거움을 실천하며 고객을 우선시하는 태도를 가진 인재, 트렌드를 주도하고 최고 수준을 향해 목표를 설정하는 인재, 데이터 기반 의사결정과 빠른 실행력, 협업과 소통으로 조직 시너지를 창출하고 비효율을 개선하며 본질에 충실한 자세로 일하는 인재를 지향합니다."
메리츠금융그룹,https://www.meritzgroup.com/web/ko/esg/esg4_3.do,"극단적 합리주의와 실용주의, 공정·신속·성과 중심의 문화 속에서 창의와 책임으로 소통하는 인재","극단적 합리주의, 실용주의, 성과주의, 공정성, 윤리의식, 신속의사결정","메리츠금융그룹은 철저히 데이터 기반의 극단적 합리주의와 실용주의를 바탕으로, 형식보다는 결과를, 공정하고 윤리적으로 업무를 수행하며, 빠른 의사결정과 집중을 통해 성과를 높이는 인재를 지향합니다. 또한, 회사 비전과 가치를 공유하고 책임과 봉사 정신을 실천하며 창의적 사고로 조직에 기여하는 태도를 중요하게 여깁니다."
CJ씨푸드,https://www.cjseafood.net/recruit/person.php,"오픈 커뮤니케이션을 통해 창의성과 유연함을 발휘하며, 팀워크로 강한 인재로 성장하는 인재","소통, 창의, 유연성, 팀워크, 강유인재","CJ씨푸드는 열린 커뮤니케이션으로 서로의 아이디어를 존중하고 유연한 사고를 촉진하며, 끈끈한 팀워크 아래 함께 배우고 발전하는 문화를 통해 강인하고 우리다운(Synergy-Driven) 인재를 키워갑니다."
CJ대한통운,https://www.cjlogistics.com/ko/page/sustainability/social_employees,"직무 전문성과 열정, 책임감을 갖춘 ONLY ONE 인재","직무 전문성, 열정, 책임감, 유일성 (Only ONE)","CJ대한통운은 자신의 업무에서 뛰어난 전문성을 바탕으로 열정과 의지를 가지고 책임 있게 실천하며, ‘Only ONE’적인 성과를 창출할 수 있는 최고 인재를 지향합니다."
한국가스공사,https://www.kogas.or.kr/site/koGas/1010802010000,"주인의식과 책임, 전문성 기반 혁신, 소통과 협력, 그리고 도전과 실행을 실천하는 인재","책임실천, 혁신전문, 소통협력, 도전실행","KOGAS는 주인의식을 갖고 안전 우선의 ESG 가치를 온전히 실천하는 책임실천인, 최고의 전문성을 기반으로 빠르게 변화하는 환경에 혁신을 이끌며 미래성장을 선도하는 혁신전문인, 상호 신뢰에 기반해 적극적으로 소통하고 협업하여 공동 목표를 달성하는 소통협력인, 열린 사고로 새로운 가능성에 과감히 도전하고 반드시 실행하여 목표를 성취하는 도전실행인을 지향합니다."
쿠팡,https://www.coupang.jobs/kr/why-coupang/,"미래 커머스를 혁신하고 고객 감동을 실현하며, 스타트업 정신과 리더십을 가진 인재","Customer Obsession, Ownership, Innovation, Agility, High Standards, Collaboration","쿠팡은 고객을 내리는 모든 결정의 시작과 끝으로 삼고(Customer Obsession), 오너처럼 회사를 책임지며(Ownership), 끊임없이 도전하고 혁신하는 문화를 장려합니다(Innovation). 우리는 스타트업처럼 기민하게 움직이며 변화에 빠르게 대응하고(Agility), 항상 최고 수준을 추구하며(High Standards), 팀 간 협력을 통해 더 큰 시너지를 만들어냅니다(Collaboration)."
S-oil,https://www.s-oil.com/company/recruit/RightPerson.aspx,"적극적으로 비전을 실현하며, 글로벌 감각과 자율적 팀워크, 윤리성을 갖춘 인재","진취성, 글로벌감각, 자율·협업, 윤리·책임","S-OIL은 아시아·태평양 시장에서의 비전을 함께 실현할 진취적인 사고를 가진 인재, 국제적 감각과 섬세한 매너·어학능력을 갖춘 글로벌 인재, 자기관리와 자율성을 바탕으로 팀워크를 강조하며 열정적으로 목표에 임하는 인재, 건강한 가치관과 윤리의식으로 조직 내외의 관계를 존중하고 회사의 명예를 높이는 인재를 지향합니다."
중소기업은행,https://www.ibksystem.co.kr/rc/talent,"자기혁신, 전문성, 책임과 협력을 바탕으로 최고의 조직을 만들어가는 창조형 인재","창조인, 전문인, 조직인","IBK시스템은 끊임없이 변화를 추구하며 현실에 안주하지 않는 ‘창조인’, 자기 분야에서 일인자가 되기 위해 열정과 노력을 지속하는 ‘전문인’, 솔선수범하며 맡은 역할에 책임감을 갖고 팀워크로 조직의 성과를 이끄는 ‘조직인’을 지향합니다."
신세계,https://www.shinsegaegroupnewsroom.com/20441/,"고객을 존중하고, 감각과 창의로 스스로 최고로 도전하며, 자부심으로 일하는 인재","고객중심, 창의적 감각, 도전정신, 자부심과 소명","신세계백화점은 고객을 존중하고 행복을 위해 헌신하는 인재, 앞선 감각과 창의력으로 변화를 주도하는 인재, 자신의 일에 긍지를 갖고 열정을 쏟아 탁월한 성과를 내는 인재를 지향합니다."
신세계인터내셔날,https://www.shinsegaegroupnewsroom.com/20525/,"패션에 대한 열정과 전문성, 프라이드를 품고 도전하는 인재","Passion, Professionalism, Pride","신세계인터내셔날은 패션에 대한 뜨거운 열정을 바탕으로 매 순간 최선을 다하며(Passion), 국제적 역량을 갖춘 분야 최고 수준의 전문성을 발휘하는 인재(Professional), 그리고 Trend를 선도하는 기업의 일원으로서 자부심과 책임감을 지닌 인재(Pride)를 지향합니다."
신세계건설,https://www.shinsegaegroupnewsroom.com/24213/,"전문성과 윤리, 도전 정신으로 건설문화를 선도하는 인재","기술인 (전문성), 윤리인 (도덕성), 도전인 (혁신과 변화)","신세계건설은 분야별 최고 수준의 노하우로 품질과 서비스를 창출하는 기술인, 윤리와 원칙에 근거해 정직하고 책임감 있게 행동하는 윤리인, 그리고 창의와 도전 정신으로 끊임없이 변화하며 비전을 실현하는 도전인을 지향합니다."
신세계푸드,https://www.shinsegaegroupnewsroom.com/22264/,"자부심과 도전으로 책임감 있게 실천하며, 윤리와 소통으로 조화를 이루는 참다운 인재","Pride (자부심·애사심), Passion (집념·도전), Trust (윤리·도덕), Fun (팀워크·소통)","신세계푸드는 회사와 업무에 긍지와 주인의식을 갖고 끈기 있게 성과를 창출하는 인재(Pride), 어려운 환경에서도 포기하지 않고 창의와 열정을 발휘하며 변화에 유연하게 대응하는 인재(Passion), 기본과 원칙에 충실하고 도덕적 책임을 다하는 인재(Trust), 다양성과 배려를 기반으로 건전한 조직문화를 이끌며 협업하는 인재(Fun)를 지향합니다."
신세계아이앤씨,https://www.shinsegaegroupnewsroom.com/24337/,"고객 행복과 편의를 위한 도전과 혁신, 실력주의와 즐거움, 협업을 실천하는 인재","Challenge, Innovation, Meritocracy, Fun, Collaboration","신세계아이앤씨는 고객의 행복과 편의를 위해 새로운 IT 기술에 도전하고 역경을 극복하는 'Challenge' 인재를 지향합니다. 고객 가치 향상을 위해 창의적 혁신을 끊임없이 추구하는 'Innovation' 인재, 자신의 역량을 발휘해 최상의 성과를 내는 'Meritocracy' 인재, 즐거운 일터 문화를 만들어 함께 성장하는 'Fun' 인재, 그리고 회사 비전을 공유하며 배려와 경청으로 존중하는 'Collaboration' 인재가 되길 바랍니다."
조선호텔앤리조트,https://www.shinsegaegroupnewsroom.com/24233/,"정중함과 공감을 바탕으로 고객을 섬기며, 기회를 준비하고 지역사회와 성장하며, 차별화된 가치와 혁신으로 새로운 리더가 되는 인재","Courteous, Helpful, Opportunity-Focused, Community-Supportive, Innovatively Unique","조선호텔앤리조트는 모든 고객에게 정중하게 다가가며 친화적인 태도로 응대하는 '정중형 인재', 고객의 다양한 니즈를 세심히 파악해 도움을 제공하는 '배려형 인재', 장기적 도약을 위한 전략적 준비를 아끼지 않는 '기회 준비형 인재', 지역사회와 함께 성장하며 협력하는 '상생형 인재', 그리고 남다른 전문성과 매력을 바탕으로 ‘새로운 성장’의 방향을 제시하는 혁신형 리더 인재를 지향합니다."
SCK컴퍼니,https://www.shinsegaegroupnewsroom.com/24231/,"고객 중심, 성장 지향, 목표 완수, 글로벌 사고, 긍정 에너지로 일하는 인재","고객중심, 성장가능성, 목표달성, 글로벌 마인드, 긍정적 적극성","SCK컴퍼니는 고객의 입장에서 존중하고 가치를 제공하기 위해 노력하는 인재(고객중심), 끊임없이 학습하며 혁신을 주도하는 인재(성장가능성), 현실에 안주하지 않고 열정과 창의로 최고의 성과를 이루는 인재(목표달성), 국제감각과 개방적 자세로 글로벌 시장을 주도하는 인재(글로벌 마인드), 자부심을 갖고 즐겁게 일하며 열린 마음으로 소통하는 인재(긍정적 적극성)를 지향합니다."
신세계사이먼,https://www.shinsegaegroupnewsroom.com/24247/,"정직과 섬김으로 고객을 감동시키고, 감각과 창의로 변화를 주도하며, 자부심과 열정을 바탕으로 최고를 실현하는 인재","고객중심, 창의성, 자부심","신세계사이먼은 고객을 존중하고 행복을 위해 헌신하는 ‘고객중심’ 인재, 새로운 트렌드를 감각적으로 읽고 창의적인 변화를 주도하는 ‘창의성’ 인재, 자신의 일에 자부심을 갖고 변화를 이끌며 지속적인 자기계발로 최고의 경쟁력을 실현하는 ‘자부심’ 인재를 지향합니다."
신세계엘앤비,https://www.shinsegaegroupnewsroom.com/24251/,"고객에게 헌신하고 예의바르게 행동하며, 감각과 창의로 변화를 주도하고, 일에 자부심과 열정을 쏟는 인재","Customer-oriented, Polite & Sincere, Creative Trendsetter, Pride-driven","신세계엘앤비는 고객을 진심으로 존중하며 헌신하고, 정직함과 예의를 바탕으로 행동하는 인재를 지향합니다. 또한 변화에 민감한 감각과 창의적인 사고로 새로운 트렌드를 주도하는 인재, 자신의 업무에 자부심을 갖고 열정적으로 성장하며 조직을 이끄는 인재로서의 자세를 중요하게 여깁니다."
이마트에브리데이,https://www.shinsegaegroupnewsroom.com/24374/,"고객을 위한 주인의식과 브랜드 가치를 향한 열정, 창의적인 사고로 일상을 변화시키는 인재","Ownership for Customer, Passion for Brand, Creative Thinking for Design","이마트에브리데이는 고객의 입장에서 최선을 다해 책임지는 주인의식을 가진 인재, 브랜드를 사랑하고 변화와 향상에 열정을 쏟는 인재, 열린 사고와 창의적인 시각으로 고객의 라이프스타일을 새롭게 디자인하는 인재를 지향합니다."
이마트24,https://www.shinsegaegroupnewsroom.com/24374/,"고객 중심의 주인의식과 브랜드에 대한 열정, 창의적 사고로 고객의 라이프스타일을 디자인하는 인재","Ownership for Customer, Passion for Brand, Creative Thinking for Design","이마트24는 고객을 최우선으로 생각하며 주인의식을 갖고 행동하는 인재(Ownership for Customer), 도전을 두려워하지 않고 브랜드에 대한 열정을 통해 고객이 다시 찾게 만드는 인재(Passion for Brand), 열린 마음과 창의적인 사고로 고객의 일상을 새롭게 디자인하는 인재(Creative Thinking for Design)를 지향합니다."
신세계프라퍼티,https://www.shinsegaegroupnewsroom.com/24471/,"도전과 창의, 긍정의 즐거움과 인재존중으로 미래를 함께 만드는 인재","Challenge, Creativity, Cheer, Consideration","신세계프라퍼티는 현실에 안주하지 않고 한계를 뛰어넘는 도전형 인재(Challenge), 목적을 분명히 하고 제약 없이 자유로이 사고하는 창의형 인재(Creativity), 불평 없이 일상 속에서 의미와 보람을 찾는 긍정형 인재(Cheer), 동료를 최고의 인재로 존중하며 상호 배려하는 인재(Consideration)를 지향합니다."
신세계디에프,https://www.shinsegaegroupnewsroom.com/24381/,"고객을 존중하며 다양한 문화 경험을 제공하고, 환경변화에 민첩하게 대응하는 인재","고객존중, 문화탐구, 민첩 대응","신세계디에프는 고객을 중심에 두고 행복을 위해 헌신하는 인재를 지향합니다. 또한 여행과 문화를 끊임없이 탐구하며 고객에게 다양한 경험을 선사하는 인재, 환경변화에 유연하게 대응하고 지속가능한 미래를 준비하는 인재가 되기를 바랍니다."
신세계라이브쇼핑,https://www.shinsegaegroupnewsroom.com/24423/,"고객을 중심에 두고, 감각으로 변화하고, 자부심으로 일하는 인재","Customer, Fashion, Pride","신세계라이브쇼핑은 고객을 존중하고 행복을 위해 헌신하는 'Customer' 인재, 세련된 감각과 열린 태도로 창의적인 변화를 주도하는 'Fashion' 인재, 자신의 일에 자부심을 갖고 비전을 공유하며 열정적으로 행동하는 'Pride' 인재를 지향합니다."
신세계까사,https://www.shinsegaegroupnewsroom.com/24491/,"전문성과 안목, 건강한 에너지와 창의, 열정적 실행, 시스템 사고를 통한 변화를 이끄는 인재","전문인, 창조인, 열정인, 혁신인","신세계까사는 자기 분야에 대한 깊은 이해와 합리적 안목을 가진 ‘전문인’, 건강하고 에너제틱한 방식으로 창의를 실현하는 ‘창조인’, 끈기와 열정으로 끝까지 소임을 다하는 ‘열정인’, 시스템적 사고와 온라인 감각으로 혁신을 주도하는 ‘혁신인’을 지향합니다."
SSG.COM,https://www.shinsegaegroupnewsroom.com/24525/,"고객을 최우선으로 생각하고, 브랜드에 대한 열정과 창의적 사고로 일상을 디자인하는 인재","Ownership for Customer, Passion for Brand, Creative Thinking for Design","Ownership for Customer, Passion for Brand, Creative Thinking for Design"",""SSG.COM은 고객을 중심에 두고 주인의식을 발휘하는 인재를 지향합니다. 또한 브랜드 가치를 높이기 위한 열정을 갖고, 열린 사고로 고객의 라이프스타일을 창의적으로 디자인하는 인재를 원합니다."
WCONCEPT,https://career.wconcept.co.kr/ko/home,"새로운 관점으로 끊임없이 도전하며, 남다른 컨셉으로 균형을 제시하고, 이해와 공감을 기반으로 소통하는 인재","도전, 컨셉 제시, 공감 소통","W컨셉은 변화에 도전하고 새로운 시도를 멈추지 않는 인재, 고객의 고유한 가치를 고려해 스타일과 균형을 제안하는 인재, 입점 브랜드와 고객 사이의 가교 역할을 하며 진정성 있게 소통하는 인재를 원합니다."
KT,https://www.ktnetcore.com/html/recruit/vision.html,사명감에 기반한 전문성과 혁신 마인드로 협업을 통해 회사와 함께 성장하는 인재,"사명감, 전문성, 혁신 마인드, 팀워크","KT NetCore는 국가 기간통신망이라는 중요한 시스템을 책임지는 사명감을 바탕으로, 안정성과 원칙을 준수하는 '사명감 있는 인재', 네트워크 기술에 대한 깊은 이해와 끊임없는 자기 계발로 최고의 역량을 갖춘 '전문성 있는 인재', 변화에 민감하게 대응하며 창의적으로 문제를 해결하고 지속 성장을 이끄는 '혁신 마인드형 인재', 그리고 조직 성과를 위해 내부 및 외부 이해관계자와 활발히 소통하고 협업하는 '팀워크 중심 인재'를 지향합니다."
한국투자금융지주,https://www.koreaholdings.com/kr/recruitment/talent,고객 중심의 존중과 창의적 가치를 실현하며 인격과 혁신으로 함께 성장하는 인재,"고객기쁨, 사람존중, 가치창조","한국투자금융지주는 항상 고객 입장을 최우선에 두며 고객에게 기쁨을 주려는 인재를 지향합니다(고객기쁨), 구성원 개개인을 인격체로 존중하고 함께 성장할 수 있도록 배려하는 인재를 중시합니다(사람존중), 끊임없이 새롭고 혁신적인 가치 창출을 통해 금융의 미래를 리드하는 인재를 원합니다(가치창조)."
한국증권금융,https://www.ksfc.co.kr:4443/finance/recruit/talent.do,"열정적인 학습, 창조적 혁신, 신뢰 기반의 봉사를 실천하는 인재","열정적 학습인, 창조적 혁신가, 신뢰받는 봉사인","한국증권금융은 스스로 학습과 몰입을 통해 최고 수준의 전문성을 쌓는 ‘열정적인 학습인’, 풍부한 상상력과 창의력으로 지속적으로 자신과 조직을 혁신하는 ‘창조적 혁신가’, 그리고 공동체의 행복과 지속가능한 발전을 위해 깊은 배려와 봉사를 실천하는 ‘신뢰받는 봉사인’을 지향합니다."
두산,https://www.doosan.com/kr/career/people/,"사람을 존중하며 함께 성장하고, 높은 목표를 향해 열정을 다하며, 솔직한 소통과 현명한 실행으로 조직의 미래를 이끄는 인재","인격존중, 팀워크(Inhwa), 열정적 향상, 열린소통, 지속 실행","두산인은 개인을 도구가 아닌 인격체로 존중하며 배려하고 함께 성장하는 ‘인격존중형 인재’, 공동의 목표를 위해 따뜻한 팀워크를 실천하는 ‘합심의 인재(Inhwa)’, 스스로 눈높이를 높이며 끊임없이 발전을 추구하는 ‘열정적 학습인’, 실수를 숨기지 않고 솔직하게 소통하며 열린 의견교환을 하는 ‘열린소통 인재’, 어떠한 상황에서도 포기하지 않고 현명한 방식으로 실행해 내는 ‘지속 실행인재’를 지향합니다."
두산에너빌리티,https://www.doosanenerbility.com/kr/employment/talent_01.html,"사람을 존중하며 팀워크로 연대하고, 끊임없이 성장하며 열린 소통과 현명한 실행으로 높은 우선순위를 추진하는 인재","인격존중(Cultivating People), 팀워크(Inhwa), 열정적 성장(Limitless Aspiration), 열린소통(Open Communication), 근성 있는 실행(Tenacity & Drive), 집중 실행(Prioritization & Focus)","두산인으로서 우리는 성과의 주체인 '사람'을 도구로 보지 않고 진정성 있게 존중하며 육성하는 태도를 지닌 인재를 중요시합니다. 조직의 공동 목표를 위해 당당함과 따뜻함으로 하나 되는 ‘인화’의 팀워크를 실천하고, 높은 자부심을 품고 스스로 눈높이를 꾸준히 높이며 성장하는 열정을 갖추어야 합니다. 또한 상하좌우 열린 소통을 통해 진실된 의견 교환이 가능해야 하며, 문제 해결을 위해 포기하지 않고 현명하게 접근하는 ‘근성 있는 실행력’을 발휘해야 합니다. 그뿐만 아니라, 중요한 일을 빠르고 정확하게 찾아 우선 실행하여 조직의 목적을 달성하는 ‘집중 실행’ 자세도 필요합니다."
대한항공,https://koreanair.recruiter.co.kr/career/kemanship,회사의 비전과 미션을 이해하고 핵심가치를 실천하는 사람,"Professional&Responsible, Caring&Collaborative, Proactive&Challenging","대한항공은 자신이 맡은 업무에서 높은 전문성과 책임감을 갖춘 '전문적 책임형 인재', 동료와 고객을 배려하며 협력을 통해 성과를 창출하는 '협력적 배려형 인재', 그리고 변화를 두려워하지 않고 주도적으로 도전하는 '도전형 인재'를 지향합니다."
아시아나항공,https://flyasiana.com/C/KR/KO/contents/overview,"성실과 연구, 진지함과 적극성을 바탕으로 협력하며 성장하는 인재","성실·근면, 연구·학습, 진지·적극","아시아나항공은 뿌리 깊은 성실성과 근면함으로 조직과 본인의 발전을 꾸준히 추구하는 인재, 연구와 학습을 통해 스스로 개선과 변화를 이끄는 인재, 책임감을 가지고 진지하게 업무에 임하며 솔선수범하는 적극적인 인재를 지향합니다."
한국씨티은행,https://www.citibank.co.kr/HrdInrdCnts0106.act?MENU_TYPE=left&MENU_C_SQNO=M5_001940&STP_DS_0_MENU_C_SQNO=M5_001880,"고객을 최우선으로 생각하고, 하나된 팀으로 협력하며, 글로벌 인재로 함께 성장하는 전문 인재","Client First, One Citi, Our Success","한국씨티은행은 고객의 성공이 은행과 개인의 성공으로 이어진다는 믿음으로 고객을 최우선에 두는 인재(Client First), 전 세계적으로 문화와 비전을 공유하며 하나된 팀으로 협력하는 인재(One Citi), 그리고 글로벌 인재로서 함께 성장하고 성과를 창출하는 인재를 지향합니다."
DB손해보험,https://www.idbins.com/pc/bizxpress/cmy/adp/FWCOMV1726.shtm,"창의와 도전으로 자신과 기업의 미래를 개척하며, 전문성과 글로벌 역량, 자율적 책임으로 조직을 이끄는 인재","창의·도전, 전문성 학습, 글로벌화, 자율·신뢰","DB손해보험은 미래지향적 사고와 도전정신으로 나아가며, 폭넓은 학습과 진취적 태도로 전문성 개발에 몰입하는 인재를 지향합니다. 또한 다국어 및 정보화 역량을 갖춰 기업의 글로벌 확장을 주도하고, 솔선수범하며 책임 있는 자세로 조직 신뢰와 조화를 창출하는 인재를 원합니다."
한국수출입은행,https://recruit.koreaexim.go.kr/HPHFRR030M01,"전문성과 팀워크에 기반해 글로벌 미래에 도전하고, 국민과 고객 신뢰를 실현하는 인재","전문가 지향, 리더십·팀워크, 도전 정신, 신뢰와 가치 창출","한국수출입은행은 분야별 최고 수준의 전문성과 역량을 갖춘 '전문가’, 조직 내 리더십과 협력을 통해 팀워크를 강화하는 리더형 인재, 변화하는 글로벌 환경에 능동적으로 도전하는 '도전 정신' 인재, 그리고 국민과 고객으로부터 신뢰받으며 고객가치 창출에 기여하는 인재를 지향합니다."
한국토지주택공사(LH),https://www.lh.or.kr/menu.es?mid=a10602010000,"소통과 성과, 도전과 공익을 바탕으로 미래 가치를 창출하는 핵심 인재","소통·협력, 성과 중심, 도전 정신, 공정·공익","LH는 구성원 간 원활한 소통과 협업으로 조직문화를 이끄는 인재, 성과 중심의 실천으로 목표를 달성하는 인재, 변화와 미래에 맞서 주도적으로 도전하는 인재, 공정성과 공익을 실천하며 국민 신뢰를 실현하는 인재를 핵심인재로 지향합니다."
한국주택금융공사,https://hf.go.kr/ko/sub05/sub05_07_01.do,"창의적인 사고와 도전으로 혁신을 선도하고, 전문성을 키워 지속 성장하며, 공익에 기반한 화합을 실천하는 인재","창조인, 전문인, 화합인","한국주택금융공사는 창의적이고 능동적인 사고를 통해 혁신을 주도하는 ‘창조인’, 자기계발과 전문성 향상에 몰입하는 ‘전문인’, 정직하고 도덕적인 태도로 조직과 사회의 조화를 중시하는 ‘화합인’을 지향합니다."
한국철도공사,https://www.korailretail.com/content.do?menuNo=6010000,"신뢰와 변화, 역량을 바탕으로 고객 중심의 유통 혁신을 실천하는 인재","신뢰, 변화, 역량","코레일유통은 청렴하고 배려하며 약속을 지키는 ‘신뢰 받는 인재’를 지향합니다. 또한 현실에 안주하지 않고 도전과 혁신으로 변화를 이끄는 ‘변화를 선도하는 인재’, 창의적 사고와 전문성을 갖추고 비전 실현을 위한 추진력과 판단력을 갖춘 ‘역량 갖춘 인재’를 중요하게 생각합니다."
한국지엠,https://www.gm-korea.co.kr/ko/home/company/about-us.html,"신뢰와 투명성 위에, 포용적 혁신과 고객 중심 경험을 함께 이끌어가는 인재","신뢰와 투명성, 고객 중심, 포용과 다양성, 책임 있는 혁신","한국GM은 모든 접점에 신뢰와 투명성을 기반으로 세계 최고 수준의 고객 경험을 제공하는 인재를 지향합니다. 또한 포용과 다양성을 존중하는 문화를 통해 협업을 장려하고, 미래 자동차 기술(전동화·자율주행)에 대한 책임감 있는 혁신을 실행하는 인재를 원합니다."
한국수력원자력(KHNP),https://www.khnp.co.kr/main/contents.do?key=2199,"기본에 충실하고 배려하며, 전문성을 통해 글로벌 미래를 선도하는 인재","기본에 충실한 인재, 배려하는 상생 인재, 글로벌 전문 인재","KHNP는 윤리·주인의식·안전의식을 갖추고 기본과 원칙을 지키는 '기본에 충실한 인재', 소통·협력·사회적 가치를 중시하며 상호 존중하는 '배려하는 상생 인재', 열정과 전문 역량으로 세계 최고 수준을 지향하는 '글로벌 전문 인재'를 지향합니다."
교보생명,https://career.kyobo.co.kr/rem/apply/subhtml/system/right_people.jsp,"정직성과 도전정신, 고객 중심의 책임감, 협업과 학습으로 전문성을 갖춘 인재","Ethic, execution, Customer Focus, Engagement, Leading-edge expertise","교보생명은 기본에 충실한 정직하고 성실한 태도의 인재(Ethic), 변화와 혁신을 두려워하지 않고 적극적으로 도전하는 인재(eXecution), 고객을 우선하며 책임감 있는 행동을 실천하는 인재(Customer Focus), 조직 내외에서 적극적으로 소통하고 협력하는 참여형 인재(Engagement), 지속적 학습과 성장으로 국제 수준의 전문성을 갖추는 인재(Leading-edge expertise)를 지향합니다."
하림지주,https://www.harim.com/main/?menu=115,"정직과 성실로 새로운 것을 탐구하고, 존중과 원칙으로 조직을 올바르게 이끌며, 열정과 도전으로 성장하고, 실행력으로 최고를 지향하는 인재","정직·성실, 존중·원칙, 열정·도전, 실행력","하림은 정직하고 성실한 태도로 새로운 가치를 탐구하는 인재, 타인을 존중하고 원칙을 중시하는 인재, 열정적인 도전 정신으로 성장하는 인재, 실행력을 바탕으로 최고의 성과를 추구하는 인재를 지향합니다."
다우데이타,https://daoudata.career.greetinghr.com/ko/culture,"신뢰를 기반으로 소통하고, 전문성으로 도전하며, 유연·용감·매력·확실·당당·전문으로 일하는 인재","신뢰적 소통, 전문적 도전, 유연성, 용기, 매력, 확실함, 자신감, 전문성","다우데이타는 신뢰로 소통하며 전문성으로 도전하는 인재, 기존 사고나 계층에 얽매이지 않고 자신의 의견을 자신 있게 표현하는 유연형 인재, 도전에 흔들리지 않고 실패에도 굴하지 않는 용감한 인재, 동료와 고객이 함께하고 싶어 하는 매력적인 인재, 올바른 일에는 확실하게 책임지고 마무리하는 확실한 인재, 비윤리적 상황을 결코 용납하지 않는 당당한 인재, 그리고 맡은 업무에서 최고 수준의 전문성을 자부하는 전문 인재를 지향합니다."
고려아연,https://careers.koreazinc.co.kr/hrsystem/talent,"뜨거운 몰입과 혁신적 사고, 유연한 협업으로 새로운 가치를 창출하는 인재","Commitment, Innovation, Flexibility","고려아연은 작은 일에도 열정을 다해 몰입하고 실패에도 굴하지 않는 재도전 정신의 ‘Commitment’ 인재, 아이디어를 확장하고 구체화하여 실행으로 옮기는 ‘Innovation’ 인재, 다양성을 수용하며 넓은 사고와 민첩한 행동으로 협업을 이끄는 ‘Flexibility’ 인재를 지향합니다."
E1,https://www.e1.co.kr/ko/recruit/e1WorkWay,"끊임없이 도전하고 실행하며 전문성을 갖추고, 함께 성장하는 인재","Go Beyond (도전 주도), Go Through (혁신 실천), Go Pro (전문성 공유와 책임), Go Together (소통 협업)","E1은 새로운 기회와 더 나은 해결책을 주도적으로 발견하며(Go Beyond), 원칙을 지키며 작고 빠른 실행으로 지속적으로 개선하는 인재(Go Through), 전문성을 동료와 공유하고 자신의 일에 스스로 자부심을 갖는 인재(Go Pro), 말하기 전에 생각하고 동료를 존중하며 함께 나아가는 인재(Go Together)를 지향합니다."
한국도로공사,https://exservice.co.kr/introduce/vision.php,"청렴과 공정, 인권과 창의를 존중하며 전문성으로 사회적 책임을 실천하는 인재","청렴·공정, 인권 존중, 전문성, 사회적 책임","한국도로공사서비스는 투명하고 공정한 경영을 바탕으로 신뢰를 쌓는 ‘청렴 실천형 인재’, 직원 개개인의 인격과 창의를 존중하며 건강한 조직문화를 이루는 ‘인권 존중형 인재’, 업무 전문성을 키워 효율을 높이는 ‘전문성 강화형 인재’, 그리고 사회적 가치 실현과 공공성을 중시하는 ‘책임 있는 공공 인재’를 지향합니다."
대우건설,https://recruit.daewooenc.com/DAEWOOENC.html,투명하고 공정한 채용과 균등한 성장 기회를 통해 역량을 발휘하는 인재,"공정 채용, 평등 성장 기회, 투명 인재경영","대우건설은 투명하고 공정한 절차로 우수 인재를 선발하며, 누구에게나 성장의 기회를 공평하게 제공하는 인재경영 문화를 지향합니다."
키움투자자산운용,https://www.kiwoomam.com/lounge/KI0504010000T,"글로벌 감각과 전문성으로 고객과 성장을 함께하며, 책임감으로 조직을 이끄는 인재","최고의 전문인, 최고의 금융인, 최고의 조직인","키움투자자산운용은 넓은 시야와 글로벌 감각으로 자기계발에 매진하는 '최고의 전문인', 끈질긴 승부근성과 핵심 공헌자로서의 역할을 수행하는 '최고의 금융인', 솔선수범하며 책임감과 조직 일체감을 갖춘 '최고의 조직인'을 지향합니다."
키움증권,https://www.kiwoom.com/h/ir/recruit/VRightPeopleView,"Pro-정신으로 미래를 주도하고, 열정으로 도전하며, 고객과 함께 신뢰를 쌓는 인재","Initiative (주도성), Challenge (도전정신), Trust (신뢰)","키움증권은 ‘진정한 Pro 정신’에 기반해 능동적으로 미래를 개척하는 **Initiative형 인재**, 유연한 사고로 실패를 두려워하지 않고 최고를 향해 도전하는 **Challenge형 인재**, 고객을 진심으로 존중하고 윤리적으로 신뢰를 쌓는 **Trust형 인재**를 지향합니다."
BNK금융그룹,https://www.bnkfg.com/01/08.jsp,"기본과 원칙을 지키며 정직과 신뢰를 바탕으로 전문성을 키우고, 고객·지역·직원과 따뜻한 유대 속에서 함께 성장하는 인재","바른, 새로운, 함께하는","BNK금융그룹은 언제나 기본과 원칙에 충실하며 정직과 신뢰로 행동하는 ‘바른’ 인재, 최고 전문가로 거듭나기 위해 끊임없이 열정과 자기계발을 추구하는 ‘새로운’ 인재, 고객·지역사회·직원을 따뜻하게 아우르며 함께 성장하고자 하는 ‘함께하는’ 인재를 지향합니다."
BNK시스템,https://www.bnksys.co.kr/web/empRecr/person.do,"기본과 원칙을 지키며, 정직과 신뢰로 성장하고, 따뜻한 금융으로 함께하는 인재","바른: 정직과 신뢰, 새로운: 성장과 열정, 함께하는: 따뜻한 금융","BNK시스템은 기본과 원칙을 준수하며 정직하게 행동하는 ‘바른 인재’, 끊임없이 도전하며 전문 역량을 키우는 ‘새로운 인재’, 고객·지역·직원과 진심으로 함께하는 ‘함께하는 인재’를 지향합니다."
BNK투자증권,https://careers.bnkfn.co.kr/ko/about,"기본을 지키며 정직과 신뢰를 바탕으로 성장하고, 새로움으로 혁신하며, 고객·지역·직원과 상생하는 인재","바른, 새로운, 함께하는","BNK금융그룹은 기본과 원칙을 준수하며 정직과 신뢰로 바르게 행동하는 인재(바른), 최고의 전문가가 되기 위해 끊임없이 열정적으로 성장하는 인재(새로운), 고객과 지역사회, 직원과 진심으로 함께하며 상생하는 따뜻한 인재(함께하는)를 지향합니다."
한온시스템,https://hanonsystems.career.greetinghr.com/ko/talent,"구성원 간 조화와 자기개발로 팀워크 및 가치를 높이며, 도전 정신과 글로벌 마인드로 책임을 완수하는 인재","팀워크 조화인, 자기개발형 인재, 도전적 책임인, 글로벌 마인드인","한온시스템은 구성원과 조화를 이루며 시너지를 발휘하는 ‘팀워크 조화형 인재(Professional)’, 꾸준한 자기계발로 개인과 조직의 가치를 높이는 ‘자기개발형 인재(Innovative)’, 능동적이고 도전적인 자세로 맡은 바를 끝까지 완수하는 ‘도전적 책임형 인재(Global)’, 그리고 글로벌 감각과 국제적 기준을 지향하며 세계 최고의 경쟁력을 실현하려는 ‘글로벌 마인드형 인재’를 지향합니다."
코리안리재보험,https://koreanre.co.kr/sub.asp?maincode=530&sub_sequence=536&sub_sub_sequence=537,"창의적 사고, 글로벌 마인드, 도전정신으로 세계무대 전문가로 성장하는 인재","창의, 글로벌 마인드, 도전","코리안리는 문제 해결과 업무 개선을 위해 항상 창의적이고 긍정적으로 사고하는 인재, 글로벌 시장에 열린 자세로 문화적 차이를 이해하고 세계 수준의 역량을 추구하는 인재, 말보다 행동으로 국내·해외 시장을 개척하며 실천하는 도전적 인재를 지향합니다."
한국연구재단,https://www.incruit.com/company/779083/,능력 있고 소신 있게 국가 학술진흥과 학문 발전에 기여하는 인재,"능력, 소신, 공익 기여","한국연구재단은 학술 연구와 국내·외 학술 교류를 지원하며 기초학문 육성과 연구인력 양성을 통해 국가 사회 발전에 기여하는 기관으로서, 높은 역량을 발휘하며 소신 있게 행동하는 인재를 지향합니다. 이를 통해 학문의 발전, 장학금 지원, 연구 기반 조성 등 공익적 목적을 충실히 수행할 수 있는 인재상을 추구합니다."
한국타이어,https://www.hankooktire.com/global/ko/career/proactive-leader.html,끊임없는 혁신과 도전으로 목표를 이루며 글로벌 수준의 역량을 갖춘 인재,"Passion, Innovation, Collaboration, Global","한국타이어는 기업가 정신을 바탕으로 자신의 일에 몰입하는 '열정(Passion)', 창의적 사고와 실행력으로 변화를 주도하는 '혁신(Innovation)', 신뢰를 기반으로 적극적으로 소통하는 '협업(Collaboration)', 글로벌 트렌드를 이해하고 언제나 최고의 전문성을 추구하는 '글로벌(Global)' 역량을 갖춘 Proactive Leader를 지향합니다."
한국타이어앤테크놀로지,https://hankooktire.recruiter.co.kr/career/growth(1),전문성을 갖춰 능동적으로 일의 주체가 되는 Proactive Leader,"Passion, Innovation, Collaboration, Global","한국타이어는 기업가 정신을 바탕으로 자신의 일에 몰입하는 '열정(Passion)', 창의적 사고와 실행력으로 변화를 주도하는 '혁신(Innovation)', 신뢰를 기반으로 적극적으로 소통하는 '협업(Collaboration)', 글로벌 트렌드를 이해하고 언제나 최고의 전문성을 추구하는 '글로벌(Global)' 역량을 갖춘 Proactive Leader를 지향합니다."
동원그룹,https://www.dongwon.com/career/dongwon,"바르게 사고하고 행동하며, 일을 즐기고, 새로움을 추구하며, 목표에 몰입해 협력하는 인재","정직·책임, 일의 즐거움, 창의·도전, 몰입·협력","동원그룹은 사실과 다양한 관점을 기반으로 올바르게 판단하고 맡은 일을 끝까지 책임지는 ‘정직하고 책임 있는 인재’, 자신의 업무를 즐기며 계획적으로 추진하는 ‘일을 즐기는 인재’, 고정관념에 얽매이지 않고 창의적 사고로 새로운 아이디어를 창출하는 ‘새로움을 추구하는 인재’, ‘반드시 잘할 수 있다’는 태도로 몰입하며 함께 협력해 목표를 달성하는 ‘협력하는 몰입형 인재’를 지향합니다."
KG케미칼,http://www.kgchem.co.kr/jobinfo/jobinfo3.php,"창조와 도전으로 희망을 만들고, 긍정과 책임으로 최선을 다하며, 사랑과 화합으로 함께 성장하는 인재","도전인, 책임인, 덕장인","KG케미칼은 창조적 개척 정신과 희망을 품고 새로운 영역에 도전하는 ‘도전인(Challenge-Taker)’, 적극적이고 긍정적인 사고로 맡은 바에 책임을 다하는 ‘책임인(Responsible Performer)’, 서로를 아끼고 배려하며 화합과 협업으로 시너지를 만드는 ‘덕장인(Team Steward)’ 인재를 지향합니다."
KG에코솔루션,http://m.kgecosolution.co.kr/K/promotion/recruit/talent.php,"신나게 일하며, 개인과 회사가 함께 성장하는 미래 지향 인재","즐거운 일터, 성장 중심, 미래 지향","KG에코솔루션은 직원들이 자신의 일을 즐겁게 실행할 수 있는 환경을 조성하며, 개인과 조직이 함께 발전할 수 있도록 성장 중심 문화를 실현합니다. 또한, 미래를 대비하는 비전 아래 미래 지향적 사고와 행동을 발휘하는 인재를 지향합니다."
HL홀딩스,https://www.hlholdings.co.kr/recruit/recruit_1.jsp,"정도경영·프런티어·합력을 체득하며, 자부심과 열정으로 글로벌 일류 성장을 추구하는 인재","정도경영, 프런티어, 합력","HL홀딩스는 기본과 원칙을 지키며 정정당당하게 행동하는 ‘정도경영형 인재(Integrous)’, 도전과 혁신으로 최고가 되고자 하는 ‘프런티어형 인재(Frontier-minded)’, 배려와 소통을 통해 협력하고 상생하는 ‘합력형 인재(Cooperative)’를 지향하며, 이 모두를 바탕으로 그룹과 함께 자부심과 절실함을 품고 최고의 성과로 글로벌 일류로 도약하고자 하는 인재상을 갖추길 원합니다."
BGF리테일,https://bgf.recruiter.co.kr/appsite/company/callSubPage?code1=3000&code2=3200,"열정과 도전, 정직과 학습, 협력 정신으로 고객가치 구현과 사회 발전에 기여하는 인재","열정, 도전, 정직, 팀워크, 학습","BGF 그룹은 항상 업무와 인간관계에서 **열정**을 기반으로 행동하고, 새로운 가치와 기회를 탐색하는 **도전적** 태도를 중시합니다. 또한 기본과 원칙을 지키며 **정직**하게 행동하는 인재, 조직과의 조화와 협업을 중시하는 **팀워크** 인재, 변화에 능동적으로 대응하며 지속적으로 성장하는 **학습** 중심 인재를 지향합니다."
근로복지공단,https://hrdcenter.comwel.or.kr/intro/ideal/ideal.jsp,"현장 전문성과 소통, 공감, 열정을 바탕으로 함께 성장하는 바른 인재","현장 전문성, 소통·협업, 공감, 열정","근로복지공단 인재개발원은 현장의 요구에 맞는 실무 전문성을 갖추며, 적극적으로 소통하고 협업하는 인재를 지향합니다. 나아가 다양한 이들과 진심으로 공감하고, 열정을 가지고 함께 성장하며 바르게 실천하는 인재의 자세를 중요하게 여깁니다."
대림,https://www.daelim.co.kr/ko/pc/careers/employment-talent.do,"업에 대한 전문성, 문제 해결력, 세밀한 실행력, 리더십을 갖춘 인재","업전문성, 문제해결력, Detail/집요함, 리더십","대림은 △해당 업의 차별화된 전문적 역량을 보유한 ‘업전문성’, △문제를 명확히 파악하고 구조화된 솔루션을 제안하는 ‘문제해결력’, △제안된 솔루션을 구체적 계획으로 수립하고 끝까지 집요하게 실행해내는 ‘Detail/집요함’, △조직과 구성원을 이끌며 협업하는 ‘리더십’을 갖춘 인재를 지향합니다."
DL이앤씨,https://www.dlenc.co.kr/careers/Ability.do,"새로운 것을 찾고, 멀리 내다보며, 자신의 일에 으뜸이 되고, 고객을 이해하며, 팀워크를 이루고, 약속을 지키며, 근검절약하는 인재","새로운 것을 찾는다, 멀리 내다본다, 자기 일에 으뜸이 된다, 고객을 잘 안다, 팀워크를 이룬다, 약속을 지킨다, 근검절약을 한다","DL이앤씨는 창의적인 도전과 탐색 정신을 가진 인재를 원합니다. 즉, 미래를 예견하고 계획하며, 자신의 일을 최고 수준으로 수행하고, 고객의 니즈를 진정으로 이해하며, 협업과 신뢰를 통해 팀 가치를 실현할 수 있는 인재, 그리고 약속을 준수하고 자원을 절제하는 책임감 있는 태도를 지닌 인재를 지향합니다."
DL건설,https://www.dlconstruction.co.kr/mobile/zEmployment/recruit_outline.asp,"기본과 원칙을 지키고, 창의적 변화를 주도하며, 끝까지 도전하는 인재","업전문성, 문제해결력, Detail/집요함, 리더십","DL건설은 ‘기본과 원칙을 준수하며 투명하고 정직하게 행동하는 인재(업전문성)’, ‘문제를 정확히 파악하고 조직적인 해결책을 제시하는 인재(문제해결력)’, ‘자신이 만든 계획을 구체적으로 수립하고 끝까지 집요하게 실행하는 인재(Detail/집요함)’, 그리고 ‘조직을 이끄는 리더십을 발휘하는 인재’를 지향합니다."
DL케미칼,https://www.dlchemical.co.kr/ko/recruit,"새로운 것을 찾고, 멀리 내다보며, 자신의 일에 으뜸이 되고, 고객을 이해하며, 팀워크를 이루고, 약속을 지키며, 근검절약하는 인재","새로운 것을 찾는다, 멀리 내다본다, 자기 일에 으뜸이 된다, 고객을 잘 안다, 팀워크를 이룬다, 약속을 지킨다, 근검절약을 한다","DL케미칼은 창의적 도전을 바탕으로 새로운 것을 탐구하고(새로운 것을 찾는다), 미래를 예측하고 전략적으로 행동하는(멀리 내다본다), 자신의 일에 최고 수준의 완성도를 추구하는(자기 일에 으뜸이 된다), 조직 내에서 협력하고 화합하는(팀웍), 신뢰 기반의 약속을 실천하는(약속을 지킨다), 자원을 절제하여 효율을 추구하는(근검절약), 그리고 고객의 니즈를 깊이 이해하는(고객을 잘 안다) 인재를 지향합니다."
DGB금융지주,https://www.imbank.co.kr/proto/dfg/html/group/group_talent.html,섬김과 정직을 바탕으로 새로운 가치를 창출하는 인재,"Respect(섬김), Passion(열정), Integrity(정직)","DGB금융지주는 고객지향, 직원존중, 소통, 사회적 책임을 중시하는 ‘섬김(Respect)’을 핵심 가치로 삼습니다. 또한 열정, 주인의식, 변화혁신을 실천하는 ‘열정(Passion)’을 강조하며, 원칙에 대한 이해와 정직·신뢰·소명의식을 바탕으로 한 ‘정직(Integrity)’을 중요한 덕목으로 추구합니다. 이를 통해 사람을 존중하고 지역과 고객을 위해 봉사하며, 창의적이고 주체적으로 도전하며, 책임감과 신뢰를 바탕으로 행동하는 인재를 지향합니다."
카카오,https://www.kakaocorp.com/page/about/culture,"신뢰를 기반으로 솔직하게 소통하며, 사용자를 중심에 두고 용감하게 도전하고, 전문성과 자율성을 바탕으로 함께 일하는 인재","Trust, Open Communication, User-centric, Courage, Autonomy, Professionalism","카카오는 서로를 신뢰하며 진심으로 소통하는 문화를 바탕으로, 서비스를 사용하는 고객의 관점을 고민하는 인재를 중요시합니다. 열린 태도로 팀 목표를 함께 달성하고, 명료한 의사결정과 빠른 실행을 실천하며, 용감한 도전을 통해 변화를 만들어가는 전문가로서 자율성을 갖춘 인재를 지향합니다."
효성티앤씨,https://www.hyosungtnc.com/kr/company/recruit/talent,"글로벌 최고 수준의 역량을 바탕으로 혁신하고, 책임감 있게 실행하며, 신뢰를 기반으로 행동하는 인재","최고 (Global Excellence), 혁신 (Innovation), 책임 (Accountability), 신뢰 (Integrity)","효성티앤씨는 치열한 글로벌 시장에서도 학습과 실행으로 최고의 역량을 유지하는 '최고', 새롭고 효율적인 해결을 위해 도전하는 '혁신', 주인의식으로 업무 완수까지 책임지는 '책임', 사실과 원칙에 기반해 협력하며 신뢰를 쌓는 '신뢰'형 인재를 지향합니다."
한국중부발전,https://www.komipo.co.kr/fr/content/136/main.do,"혁신적 사고와 열정으로 가치를 창출하며, 책임감과 주도성을 갖추고, 상호 존중과 배려로 세계와 소통하는 인재","Creative Challenger, Performance Leader, Global Communicator, 안전환경, 미래성장, 혁신소통, 국민신뢰","KOMIPO는 혁신적 사고와 열정으로 새로운 가치 창출에 도전하는 'Creative Challenger', 강한 자부심과 책임감으로 자기 업무에 주도적인 'Performance Leader', 상호 존중과 배려로 세계와 소통하는 'Global Communicator'를 지향합니다. 또한, 인재상 키워드로 △안전환경(인간존중을 기반으로 안전과 환경을 최우선), △미래성장(신재생·무탄소 에너지 전환을 위한 전문성 강화), △혁신소통(도전정신과 상호 존중 기반의 내외부 소통), △국민신뢰(높은 윤리의식과 공익을 위한 경영 활동)를 강조합니다."
한국남부발전,https://www.kospo.co.kr/kospo/213/subview.do,"차별화된 생각과 행동으로 가치 창출에 도전하고, 변화·혁신을 선도하며, 존중과 협력으로 소통하는 인재","성장인, 도전인, 소통인","한국남부발전은 세계 최고 수준의 성장형 인재를 지향하며, ‘차별화된 사고와 능동적 행동으로 기존 및 신규 사업에서 새로운 가치를 창출하는 실행력’을 중시하는 ‘성장인’을 기대합니다. 또한, 4차 산업혁명 시대의 변화와 혁신을 주도하며 조직과 사업·문화 변화를 이끄는 ‘도전인’을, 세대 간 차이를 인정하고 개방적 자세로 소통하며 산업공동체 및 사회에 헌신하는 ‘소통인’을 인재상으로 삼고 있습니다."
한국서부발전,https://www.iwest.co.kr/iwest/500/subview.do,"글로벌 역량과 리더십, 상생의 협력, 도전정신, 전문성을 갖춘 인재","Global Challenger, Collaborative Contributor, Change Driver, Professional Creator","한국서부발전은 차별화된 글로벌 역량과 강한 리더십으로 세계 최고의 종합에너지 기업으로 성장하려는 인재(Global Challenger), 신뢰를 바탕으로 협력과 상생의 조직문화를 구축하는 인재(Collaborative Contributor), 열정과 도전정신으로 변화를 주도하며 미래를 개척하는 인재(Change Driver), 전문성 확보를 통해 가치를 창조하고 경쟁력 향상에 기여하는 인재(Professional Creator)를 지향합니다."
한국동서발전,https://www.ewp.co.kr/kor/subpage/content.html?pc=ZF5BG2CJQP9GY95B1AGK6JXNIW143HF,"미래를 선도하는 도전적 변화 인재, 글로벌 전문성을 갖춘 인재, 사회적 책임을 실천하는 협력적 조직 인재","도전적 변화인재, 글로벌 전문인재, 협력적 조직인재","한국동서발전은 미래 성장의 주역이 되어 변화를 주도하는 '도전적 변화 인재', 세계 수준의 전문성으로 글로벌 무대에서도 경쟁력 있는 '글로벌 전문 인재', 그리고 사회적 책임을 다하며 조직과 함께 성장하는 '협력적 조직 인재'를 지향합니다."
금호미쓰이화학,https://www.kmci.co.kr/kor/recruit/talented,"끊임없는 도전으로 세계시장을 선도하며, 다양한 이해관계자와 함께 성장하는 글로벌 인재","Passion, Respect, Integrity, Development","금호미쓰이화학은 ‘Solution Mate’라는 인재상을 통해, 통찰력 있게 최적의 대안을 만들고 이해관계자와 함께 성장하는 인재를 지향합니다. 핵심가치는 △Passion(열정): 열의와 정성을 다해 본인의 전문성을 극대화, △Respect(존중): 다양한 이해관계자의 의견을 존중하고 신뢰 기반의 긍정적 관계 형성, △Integrity(정직): 원칙에 기반하여 공정하고 투명하게 본질을 추구하며 함께 사는 가치 창출, △Development(성장): 새로운 시각과 접근법으로 꾸준히 모두의 성장을 이루는 것 입니다."
금호피앤비화학,https://www.kpb.co.kr/kor/recruit/talent,"끊임없는 도전으로 세계시장을 선도하며, 다양한 이해관계자와 함께 성장하는 글로벌 인재","Passion, Respect, Integrity, Development","금호피앤비화학은 ‘Solution Mate’라는 인재상을 통해, 통찰력 있게 최적의 대안을 만들고 이해관계자와 함께 성장하는 인재를 지향합니다. 핵심가치는 △Passion(열정): 열의와 정성을 다해 본인의 전문성을 극대화, △Respect(존중): 다양한 이해관계자의 의견을 존중하고 신뢰 기반의 긍정적 관계 형성, △Integrity(정직): 원칙에 기반하여 공정하고 투명하게 본질을 추구하며 함께 사는 가치 창출, △Development(성장): 새로운 시각과 접근법으로 꾸준히 모두의 성장을 이루는 것 입니다."
금호티앤엘,https://ktnl.co.kr/m/page.html?pid=4,"끊임없는 도전으로 세계시장을 선도하며, 다양한 이해관계자와 함께 성장하는 글로벌 인재","Passion, Respect, Integrity, Development","금호티앨앤은 ‘Solution Mate’라는 인재상을 통해, 통찰력 있게 최적의 대안을 만들고 이해관계자와 함께 성장하는 인재를 지향합니다. 핵심가치는 △Passion(열정): 열의와 정성을 다해 본인의 전문성을 극대화, △Respect(존중): 다양한 이해관계자의 의견을 존중하고 신뢰 기반의 긍정적 관계 형성, △Integrity(정직): 원칙에 기반하여 공정하고 투명하게 본질을 추구하며 함께 사는 가치 창출, △Development(성장): 새로운 시각과 접근법으로 꾸준히 모두의 성장을 이루는 것 입니다."
홈플러스,https://corporate.homeplus.co.kr/m/Recruit/RightPeople.aspx,"고객을 최우선으로 생각하며, 신뢰와 협업을 바탕으로 끊임없이 혁신하고 즐겁게 성장하는 인재","긍지(Pride), 신뢰(Trust), 우수(Excellence), 집념(Grit), 협업(Collaboration), 신바람(Fun)","홈플러스는 고객에게 제공하는 가치에 대한 자부심을 가지고(긍지), 고객·동료·협력사와 신뢰를 바탕으로 진실되고 올바르게 행동하며(신뢰), 고객에게 최고의 가치를 제공하기 위해 끊임없는 열정으로 혁신하는 인재(우수)를 지향합니다. 또한, 성공의 본질에 집중하며 끈기와 책임감으로 목표를 끝까지 완수하는 집념(Grit), 서로 신뢰하고 존중하며 더 나은 결과를 만드는 협업(Collaboration), 즐거운 쇼핑 경험을 제공하고 긍정적으로 도전하는 신바람(Fun) 문화를 중요하게 여깁니다."
KCC,https://www.kccworld.co.kr/jobs/talent.do,"기본에 충실한 전문 지식으로 도전하며, 창의적으로 실천하고, 정직과 책임을 실천하는 인재","Knowledge, Challenge, Courage (Honesty & Responsibility)","KCC는 ‘지식(Knowledge)’을 기반으로 조직 방향에 맞는 전문성을 갖춘 인재, 불굴의 의지와 창의력으로 실제 행동으로 옮기는 ‘도전적인 인재(Challenge)’, 그리고 고객과 조직에 대한 정직함과 책임감을 갖춘 ‘신뢰할 수 있는 인재(Courage – Honesty & Responsibility)’를 지향합니다."
코스트코코리아,https://costco.recruiter.co.kr/appsite/company/callSubPage?code1=4000&code2=4200,"도전을 즐기고 빠르게 적응하며, 열정과 의욕을 가지고 성실하게 노력하는 인재","의사소통, 팀워크, 자발적인 태도, 회원서비스, 신뢰성, 융통성","코스트코는 도전을 즐기고 빠르게 돌아가는 팀 업무 환경을 좋아하며 열정과 의욕이 넘치는 인재를 추구합니다. 성공적인 직원은 명확한 서비스 마인드를 가지고 개인 생활과 직장 생활 모두에서 좋은 성과를 거두기 위해 성실히 노력합니다. 이를 위해 △의사소통: 명확하고 효과적인 소통, △팀워크: 협력적인 조직문화, △자발적인 태도: 주도적이고 적극적인 자세, △회원서비스: 고객 중심의 서비스 마인드, △신뢰성: 진실되고 책임감 있는 행동, △융통성: 변화에 대한 유연한 대응과 적응을 강조합니다."
여천NCC,https://www.yncc.co.kr/ko/ir/hrSystem1.do,"성과를 창출하며, 전문성을 갖추고, 계속해서 혁신하는 인재","성과 중심, 전문성, 혁신","여천NCC는 성과를 창출하는 인재, 최고의 전문성을 지닌 인재, 그리고 끊임없이 혁신하는 인재를 지향합니다. '성과를 창출하는 사람'은 열린 마음과 팀워크를 바탕으로 협업하며, '최고의 전문성을 갖춘 사람'은 지속적인 학습을 통해 분야의 선두주자가 되고, '끊임없이 혁신하는 사람'은 열정과 도전 의식을 기반으로 창의적인 사고로 변화를 실행합니다."
코오롱,https://dream.kolon.com/RECRUIT_KOLON/hr/rec/recruit/userhtml/controller/AboutKolonWebController/view_05.hr,"고객 중심 가치 제공과 차별화된 사고로 경쟁력을 갖추며, 세계를 선도하는 인재","First Choice of Customers, Uniqueness, Individual Excellence","코오롱그룹은 고객의 기대를 뛰어넘는 가치를 제공하며 고객으로부터 가장 사랑받는 기업이 되고자 하며 (First Choice of Customers), 시장을 앞서가는 독창적 사고와 차별화된 접근으로 경쟁 우위를 확보하고, (Uniqueness), 높은 목표 설정과 철저한 준비, 그리고 한계 없이 실행하는 개인의 탁월성을 중시하는 인재 (Individual Excellence)를 지향합니다."
세아그룹,https://www.seah.co.kr/sustainability/fostering,정직과 열정을 기반으로 탁월한 실력을 발휘해 세상을 아름답게 만드는 인재,"정직 (Honesty), 열정 (Passion), 실력 (Professionalism)","세아그룹은 바르고 곧은 행동과 지혜로 이상을 세우는 ‘정직’, 변화에 능동적으로 도전하며 새로운 가치를 창출하는 ‘열정’, 협업을 통해 다양한 재능을 공유하고 시작한 일을 끝까지 완수하는 ‘실력’을 핵심 가치로 삼습니다. 이 가치를 기반으로 임직원이 함께 성장하며 풍요로운 미래를 만들어 가는 인재를 지향합니다."
KT&G,https://www.ktng.com/model,"끝없는 도전과 집념으로 변화를 선도하고, 신속한 실행과 책임으로 성과를 내며, 열린 소통과 협력을 통해 조직과 함께 성장하는 인재","Challenge, Execute, Optimize","KT&G의 인재상 ‘I am C.E.O’는 다음과 같은 핵심 역량으로 구성됩니다:\n• **Challenge (끊임없이 도전하는 인재)**: 성장과 변화를 이끌기 위해 열정과 집념으로 창의적 도전을 지속합니다.\n• **Execute (성과를 내는 인재)**: 사실 기반의 판단으로 신속하게 실행하고, 목표 달성을 위해 스스로 책임지는 자세를 갖춥니다.\n• **Optimize (협력하는 인재)**: 나보다 ‘우리’를 먼저 생각하며, 열린 소통으로 다양한 구성원과 협력해 시너지를 창출합니다."
서브원,https://careers.serveone.co.kr/app/careers/ViewProcedures.rpi,"열정을 바탕으로 끊임없이 자기 혁신을 실천하며, 고객에게 신뢰와 감동을 제공하는 인재","열정, 자기혁신, 고객신뢰, 고객감동 (Pride)","서브원은 자신의 일에 대한 뜨거운 열정을 가지고 지속적으로 자기 발전을 추구하는 인재, 고객의 기대를 넘어 신뢰와 감동을 제공하는 브랜드 가치를 실천하는 인재를 지향합니다. 이 모든 과정에서 구성원은 'Pride'—즉 자부심을 기반으로 일에 임합니다."
SPC,https://spc.recruiter.co.kr/career/talent,"정직한 행동과 혁신적 접근으로 시장을 선도하며, 다양성을 살려 유기적으로 협업하는 인재","정직 (Integrity), 혁신 (Innovation), 협업 (Integration)","SPC그룹은 ‘정직(Integrity)’을 바탕으로 기본에 충실하게 올바르게 행동하는 인재, ‘혁신(Innovation)’을 통해 변화를 주도하고 열정적으로 도전하는 인재, 그리고 ‘협업(Integration)’을 기반으로 다양성을 존중하며 유기적으로 협력하는 인재를 지향합니다."
대상홀딩스,https://www.daesang.com/kr/m/recruit/talented/talent.jsp,열린 소통과 주인의식으로 글로벌 식품업계를 선도하는 창의적 혁신 인재,"Talented, Open-minded, Passionate, Innovator","대상은 뛰어난 재능과 자질을 갖춘(Talented), 열린 사고와 마음으로 소통하는(Open-minded), 강한 책임감과 열정을 가진(Passionate), 글로벌 식품업계에 창의와 혁신을 선도하는(INnovator) 인재를 지향합니다."
엠코테크놀로지코리아,https://amkor.com/kr/careers/korea/,긍정적인 사고와 미래 지향적 시각으로 창의와 협력을 발휘하는 테크 리더,"긍정 마인드, 미래 지향, 창의성, 협력","앰코는 고객, 회사, 동료와 함께 성장하기를 바라는 인재를 찾습니다. 긍정적인 마음과 미래에 대한 안목을 갖추고(Citizens of Tomorrow) 창의성과 경험, 비전을 융합해 적극적으로 협업할 줄 아는 '기술 리더'를 지향합니다."
팬오션,https://recruit.panocean.com/company/talent.do,"창의적으로 사고하며 최고를 지향하고 열린 마음으로 협력하며, 세계 시장을 선도하는 실천적 리더형 인재","혁신가, 전문가, 팀 플레이어, 실천적 리더","팬오션은 창의적인 사고로 변화를 주도하는 혁신가, 최고의 전문성을 갖추기 위해 끊임없이 노력하는 전문가, 열린 마음으로 협업을 이루는 팀 플레이어, 그리고 세계 시장에서 실제로 성과를 만들어내는 실천적 리더형 인재를 지향합니다."
삼천리,https://samchullyes.co.kr/recruit/system,"사랑을 품은 열정으로 스스로 도전하고, 사람과 조직을 존중하며, 회사의 미션과 비전을 실천하는 인재","열정, 사랑, 실천","삼천리인은 현실에 안주하지 않고 스스로 목표를 향해 끊임없이 도전하는 ‘열정인’입니다. 사람·기업·이해관계자에 대한 ‘사랑’을 품고, 회사의 미션을 이해하고 비전을 행동으로 옮기는 ‘실천하는 인재’를 지향합니다."
에스엘,https://slworld.recruiter.co.kr/career/slway,"긍정적 자기 인식으로 본질에 집중하고, 최선을 다해 실행하며, 함께 성장하는 인재","긍정적 자기 인식, 본질 집중, 최선 실행, 함께 성장","SL은 구성원이 스스로를 긍정적으로 바라보고 자신의 역할을 명확히 이해함으로써 본질에 집중할 수 있기를 바랍니다. 또한, 실천력 있는 실행과 협업을 통해 개인과 조직이 함께 성장하는 문화를 지향합니다."
아이티센글로벌,https://itcenglobal.com/RECRUIT/cenpeople,"다양성을 존중하며 창의적으로 사고하고, 목표를 향해 책임감 있게 실천하며, 고객을 위해 진심을 담아 봉사하는 인재","Creativity, Energy, National Service","ITCEN은 개인의 개성 및 다양성을 존중하면서 열린 마음과 창의성으로 기존 업무 방식을 과감히 혁신하는 창의적 인재(Creativity), 목표달성을 향해 끊임없이 노력하고 책임감 있게 행동하는 에너지 넘치는 인재(Energy), 고객을 진심으로 대하고 나눔을 통해 사회에 기여하려는 봉사 정신을 갖춘 인재(National Service)를 지향합니다."
