timestamp,company,job,grade_level,total,max_total,percent,question,radar_file,scores_json,strengths_json,improvements_json,feedback
2025-09-09T17:24:37,현대자동차,백엔드 개발자,보통,100.0,160,62.5,"물론입니다. 다음 질문을 드리겠습니다.

""백엔드 시스템에서 데이터베이스 성능 최적화를 위해 어떤 접근 방식을 취하시겠습니까? 그리고 이러한 접근 방식의 선택 이유와 실제로 적용한 경험이 있다면 그 사례를 공유해 주시기 바랍니다."" 

이 질문은 당신의 기술적 전문성을 평가하는 동시에, 문제의 본질을 파고드는 집요함과 최적화의 중요성을 이해하고 있는지를 확인하기 위해 설계되었습니다.",radars\radar_현대자동차_백엔드_개발자_20250909_172437.png,"{""requirements"": 15, ""trade-offs"": 15, ""architecture"": 20, ""risks"": 10, ""problem"": 10, ""structure"": 10, ""analysis"": 10, ""recommendation"": 10}","[""시스템 최적화를 위한 요구사항 정의가 구체적이며 명확함."", ""리스크 최소화를 위한 트레이드오프 분석이 뛰어남."", ""아키텍처 설계에서 다양한 기술적 요소를 통합하여 명확하게 설명함."", ""문제 정의와 구조화가 MECE 원칙에 따름."", ""다양한 도구와 방법을 사용하여 문제를 깊이 있게 분석함.""]","[""리스크 관리 접근 방식에 구체성을 추가할 필요가 있음."", ""문제에 대한 분석 결과를 더 명확하게 정리하여 전달할 필요가 있음.""]","전체적으로 시스템 최적화와 성능 개선에 대한 접근이 잘 이루어졌습니다. 특히 아키텍처 설계 부분에서의 성과는 매우 인상적입니다. 그러나 리스크 관리에 대한 설명이 다소 일반적이므로 구체적인 예시나 방법을 추가하면 더 설득력 있는 답변이 될 것입니다. 또한, 문제 분석 결과를 보다 명확히 정리하여 전달하면 면접관에게 강한 인상을 줄 수 있을 것입니다."
2025-09-09T17:42:41,삼성SDS,백엔드 개발자,우수,60.0,80,75.0,"물론입니다. 백엔드 개발자로서의 경험과 역량을 평가하기 위한 질문을 드리겠습니다.

""최근에 사용해본 새로운 기술이나 프레임워크가 있다면 어떤 것인지 설명해 주시고, 그 기술을 선택한 이유와 실제 프로젝트에서 어떻게 활용했는지 구체적인 사례를 들어 말씀해 주시겠습니까?"" 

이 질문을 통해 귀하의 학습 의지, 창의성, 그리고 새로운 기술을 실무에 어떻게 적용하는지를 파악하고자 합니다.",radars\radar_삼성sds_백엔드_개발자_20250909_174240.png,"{""requirements"": 20, ""trade-offs"": 10, ""architecture"": 20, ""risks"": 10}","[""gRPC 도입의 이유를 명확하게 설명하여 요구사항 정의에서 만점을 받았다."", ""아키텍처 설계에서 시스템 구성 요소와 데이터 흐름을 잘 설명하였다.""]","[""트레이드오프 분석에서 혼합 전략을 더 구체적으로 설명할 필요가 있다."", ""리스크 관리에서 잠재적 문제에 대한 대응 방안을 구체적으로 제시해야 한다.""]","전반적으로 요구사항 정의와 아키텍처 설계에서 강점을 보였으며, gRPC의 장점을 잘 설명했습니다. 그러나 트레이드오프와 리스크 관리 부분에서 구체성이 부족하여 점수를 더 높일 수 있는 여지가 있습니다. 각 요소에 대한 깊이 있는 분석을 추가하여 더욱 완성도 높은 답변을 준비하는 것이 좋습니다."
